,ddG (kcal/mol),Mutation,CA-CA Distance
0,-1.0340792,VA2I:PA3I,3.84
1,-1.0083678,VA2M:PA3I,3.84
2,-0.99303705,VA2I:PA3C,3.84
3,-0.9793896,VA2M:PA3C,3.84
4,-0.9670738,VA2L:PA3I,3.84
5,-0.9393926,VA2L:PA3C,3.84
6,-0.91931677,VA2C:PA3I,3.84
7,-0.9192973,VA2I:PA3V,3.84
8,-0.89116645,VA2M:PA3V,3.84
9,-0.8904385,VA2I:PA3L,3.84
10,-0.885843,VA2C:PA3C,3.84
11,-0.85796106,VA2M:PA3L,3.84
12,-0.8516571,VA2L:PA3V,3.84
13,-0.80668676,VA2L:PA3L,3.84
14,-0.8052112,VA2F:PA3I,3.84
15,-0.8042825,VA2C:PA3V,3.84
16,-0.8008502,VA2A:PA3I,3.84
17,-0.7950773,VA2F:PA3C,3.84
18,-0.79232776,VA2A:PA3C,3.84
19,-0.78451717,VA2T:PA3I,3.84
20,-0.77104235,VA2C:PA3L,3.84
21,-0.76001716,VA2T:PA3C,3.84
22,-0.73521626,VA2I:PA3M,3.84
23,-0.7340029,VA2Y:PA3I,3.84
24,-0.724589,VA2Y:PA3C,3.84
25,-0.7003255,VA2M:PA3M,3.84
26,-0.6898596,VA2I:PA3Y,3.84
27,-0.68464434,VA2A:PA3V,3.84
28,-0.67582834,VA2F:PA3V,3.84
29,-0.6618744,VA2T:PA3V,3.84
30,-0.6467564,VA2M:PA3Y,3.84
31,-0.6453704,VA2W:PA3C,3.84
32,-0.64454615,VA2C:PA3M,3.84
33,-0.6408339,VA2L:PA3M,3.84
34,-0.6382058,VA2W:PA3I,3.84
35,-0.6224401,VA2A:PA3L,3.84
36,-0.6149561,VA2I:PA3T,3.84
37,-0.61400974,VA2I:PA3W,3.84
38,-0.61055315,VA2F:PA3L,3.84
39,-0.608129,VA2C:PA3Y,3.84
40,-0.6064191,VA2Y:PA3V,3.84
41,-0.597762,VA2T:PA3L,3.84
42,-0.59653383,VA2I:PA3E,3.84
43,-0.59282374,VA2L:PA3Y,3.84
44,-0.58988786,VA2I:PA3F,3.84
45,-0.57862145,VA2M:PA3W,3.84
46,-0.573646,VA2I:PA3D,3.84
47,-0.5673167,VA2S:PA3C,3.84
48,-0.5659386,VA2M:PA3T,3.84
49,-0.56090844,VA2S:PA3I,3.84
50,-0.5594932,VA2M:PA3E,3.84
51,-0.546866,VA2M:PA3F,3.84
52,-0.5403252,VA2C:PA3W,3.84
53,-0.53688145,VA2H:PA3C,3.84
54,-0.5335999,VA2Y:PA3L,3.84
55,-0.5282332,VA2M:PA3D,3.84
56,-0.5260689,VA2L:PA3W,3.84
57,-0.5259329,VA2H:PA3I,3.84
58,-0.51321304,VA2C:PA3T,3.84
59,-0.5126121,VA2W:PA3V,3.84
60,-0.5123784,VA2L:PA3E,3.84
61,-0.51182425,VA2C:PA3F,3.84
62,-0.5113767,VA2L:PA3T,3.84
63,-0.5071628,VA2R:PA3C,3.84
64,-0.5071573,VA2R:PA3I,3.84
65,-0.50277305,VA2C:PA3E,3.84
66,-0.5008868,VA2I:PA3H,3.84
67,-0.50064516,VA2I:PA3A,3.84
68,-0.63230556,PA3L:SA4T,3.8
69,-0.6284432,PA3I:SA4T,3.8
70,-0.6262096,PA3C:SA4T,3.8
71,-0.5325421,PA3C:SA4D,3.8
72,-0.52650094,PA3L:SA4D,3.8
73,-0.5262358,PA3I:SA4D,3.8
74,-1.1323493,QA5I:KA6I,3.8
75,-1.0940554,QA5C:KA6I,3.8
76,-1.0749576,QA5T:KA6I,3.8
77,-1.0395412,QA5I:KA6C,3.8
78,-0.9960502,QA5C:KA6C,3.8
79,-0.9780934,QA5V:KA6I,3.8
80,-0.96696204,QA5T:KA6C,3.8
81,-0.94200605,QA5W:KA6I,3.8
82,-0.922372,QA5I:KA6V,3.8
83,-0.9196648,QA5I:KA6M,3.8
84,-0.91541404,QA5C:KA6V,3.8
85,-0.9140463,QA5C:KA6M,3.8
86,-0.90390325,QA5M:KA6I,3.8
87,-0.8794147,QA5I:KA6L,3.8
88,-0.87845314,QA5C:KA6L,3.8
89,-0.8711781,QA5V:KA6C,3.8
90,-0.8701335,QA5T:KA6V,3.8
91,-0.85188115,QA5W:KA6C,3.8
92,-0.8430811,QA5T:KA6M,3.8
93,-0.8252694,QA5Y:KA6I,3.8
94,-0.8241174,QA5I:KA6T,3.8
95,-0.80415547,QA5T:KA6L,3.8
96,-0.8033806,QA5C:KA6T,3.8
97,-0.79764456,QA5M:KA6C,3.8
98,-0.79465616,QA5R:KA6I,3.8
99,-0.7851634,QA5I:KA6F,3.8
100,-0.78306973,QA5C:KA6F,3.8
101,-0.7724087,QA5F:KA6I,3.8
102,-0.7604505,QA5H:KA6I,3.8
103,-0.7510195,QA5S:KA6I,3.8
104,-0.7488251,QA5T:KA6T,3.8
105,-0.7411709,QA5L:KA6I,3.8
106,-0.7388891,QA5V:KA6V,3.8
107,-0.72959673,QA5Y:KA6C,3.8
108,-0.7139526,QA5W:KA6V,3.8
109,-0.710091,QA5V:KA6M,3.8
110,-0.7064169,QA5T:KA6F,3.8
111,-0.70459294,QA5W:KA6M,3.8
112,-0.7019373,QA5C:KA6W,3.8
113,-0.69919884,QA5I:KA6W,3.8
114,-0.69193125,QA5D:KA6I,3.8
115,-0.6855584,QA5F:KA6C,3.8
116,-0.6853552,QA5C:KA6Y,3.8
117,-0.6824137,QA5V:KA6L,3.8
118,-0.6778078,QA5N:KA6I,3.8
119,-0.6775795,QA5C:KA6Q,3.8
120,-0.6731057,QA5R:KA6C,3.8
121,-0.6668035,QA5W:KA6L,3.8
122,-0.6645249,QA5E:KA6I,3.8
123,-0.6643271,QA5I:KA6Y,3.8
124,-0.65643144,QA5H:KA6C,3.8
125,-0.6563027,QA5I:KA6Q,3.8
126,-0.63917685,QA5L:KA6C,3.8
127,-0.6349876,QA5M:KA6V,3.8
128,-0.63236964,QA5S:KA6C,3.8
129,-0.625929,QA5V:KA6T,3.8
130,-0.6227082,QA5T:KA6W,3.8
131,-0.6172123,QA5A:KA6I,3.8
132,-0.6156311,QA5I:KA6N,3.8
133,-0.615245,QA5C:KA6N,3.8
134,-0.61069655,QA5M:KA6M,3.8
135,-0.6075988,QA5I:KA6E,3.8
136,-0.6067833,QA5C:KA6E,3.8
137,-0.59671396,QA5T:KA6Y,3.8
138,-0.594207,QA5T:KA6Q,3.8
139,-0.5928463,QA5C:KA6H,3.8
140,-0.592226,QA5W:KA6T,3.8
141,-0.5908705,QA5I:KA6H,3.8
142,-0.58480734,QA5V:KA6F,3.8
143,-0.578965,QA5M:KA6L,3.8
144,-0.57616794,QA5D:KA6C,3.8
145,-0.57299376,QA5Y:KA6V,3.8
146,-0.562739,QA5W:KA6F,3.8
147,-0.5611969,QA5N:KA6C,3.8
148,-0.55591416,QA5Y:KA6M,3.8
149,-0.5535942,QA5E:KA6C,3.8
150,-0.5534191,QA5C:KA6A,3.8
151,-0.5517061,QA5T:KA6E,3.8
152,-0.53919256,QA5R:KA6V,3.8
153,-0.53376245,QA5I:KA6A,3.8
154,-0.52026284,QA5T:KA6N,3.8
155,-0.51674914,QA5Y:KA6L,3.8
156,-0.514696,QA5M:KA6T,3.8
157,-0.5135858,QA5F:KA6V,3.8
158,-0.50815654,QA5F:KA6M,3.8
159,-0.5074676,QA5T:KA6H,3.8
160,-0.50533134,QA5H:KA6V,3.8
161,-0.50412554,QA5V:KA6W,3.8
162,-0.5034672,QA5A:KA6C,3.8
163,-0.5000813,QA5K:KA6I,3.8
164,-0.8690149,KA6I:TA7C,3.8
165,-0.8263493,KA6C:TA7C,3.8
166,-0.8181577,KA6I:TA7I,3.8
167,-0.7776211,KA6I:TA7F,3.8
168,-0.76445127,KA6C:TA7I,3.8
169,-0.7450317,KA6I:TA7D,3.8
170,-0.7447252,KA6I:TA7Q,3.8
171,-0.73732895,KA6C:TA7F,3.8
172,-0.7156676,KA6V:TA7C,3.8
173,-0.7101491,KA6I:TA7V,3.8
174,-0.709306,KA6I:TA7H,3.8
175,-0.6990119,KA6C:TA7Q,3.8
176,-0.6838126,KA6M:TA7C,3.8
177,-0.68025136,KA6L:TA7C,3.8
178,-0.677468,KA6C:TA7H,3.8
179,-0.6750722,KA6I:TA7W,3.8
180,-0.6672462,KA6C:TA7V,3.8
181,-0.66363984,KA6C:TA7D,3.8
182,-0.64760983,KA6C:TA7W,3.8
183,-0.6363162,KA6V:TA7I,3.8
184,-0.63477093,KA6I:TA7L,3.8
185,-0.6195066,KA6W:TA7C,3.8
186,-0.6079804,KA6M:TA7I,3.8
187,-0.60299635,KA6I:TA7N,3.8
188,-0.60165924,KA6Y:TA7C,3.8
189,-0.5997671,KA6L:TA7I,3.8
190,-0.597989,KA6C:TA7L,3.8
191,-0.5954785,KA6I:TA7K,3.8
192,-0.5945473,KA6V:TA7F,3.8
193,-0.5887271,KA6I:TA7Y,3.8
194,-0.58164334,KA6V:TA7D,3.8
195,-0.57823503,KA6F:TA7C,3.8
196,-0.56999505,KA6M:TA7F,3.8
197,-0.56505525,KA6V:TA7Q,3.8
198,-0.5641866,KA6L:TA7F,3.8
199,-0.5639436,KA6C:TA7N,3.8
200,-0.56351084,KA6C:TA7Y,3.8
201,-0.558869,KA6I:TA7E,3.8
202,-0.55535436,KA6C:TA7K,3.8
203,-0.54595953,KA6L:TA7D,3.8
204,-0.54213434,KA6I:TA7A,3.8
205,-0.5403669,KA6I:TA7R,3.8
206,-0.53794634,KA6M:TA7D,3.8
207,-0.53497565,KA6L:TA7Q,3.8
208,-0.53331846,KA6W:TA7I,3.8
209,-0.53160506,KA6M:TA7Q,3.8
210,-0.53155375,KA6V:TA7V,3.8
211,-0.52822864,KA6V:TA7H,3.8
212,-0.51685715,KA6C:TA7E,3.8
213,-0.5064638,KA6W:TA7F,3.8
214,-0.50528723,KA6Y:TA7I,3.8
215,-0.5046005,KA6V:TA7W,3.8
216,-0.5041496,KA6C:TA7R,3.8
217,-0.67468125,TA7I:YA8C,3.79
218,-0.65690064,TA7V:YA8C,3.79
219,-0.62832636,TA7L:YA8C,3.79
220,-0.57482594,TA7F:YA8C,3.79
221,-0.5681379,TA7C:YA8C,3.79
222,-0.53190386,TA7Q:YA8C,3.79
223,-0.52175564,TA7H:YA8C,3.79
224,-0.513206,TA7W:YA8C,3.79
225,-0.91281253,YA8C:QA9P,3.77
226,-0.9054815,YA8C:QA9C,3.77
227,-0.86170495,YA8C:QA9A,3.77
228,-0.85545313,YA8F:QA9P,3.77
229,-0.8497304,YA8C:QA9T,3.77
230,-0.8477609,YA8F:QA9C,3.77
231,-0.8270278,YA8M:QA9P,3.77
232,-0.82221437,YA8C:QA9V,3.77
233,-0.8175585,YA8C:QA9S,3.77
234,-0.80655706,YA8M:QA9C,3.77
235,-0.78195906,YA8W:QA9P,3.77
236,-0.78039294,YA8W:QA9C,3.77
237,-0.77189004,YA8C:QA9I,3.77
238,-0.7427467,YA8F:QA9A,3.77
239,-0.7202252,YA8F:QA9T,3.77
240,-0.71386385,YA8F:QA9V,3.77
241,-0.7079977,YA8C:QA9D,3.77
242,-0.699227,YA8C:QA9E,3.77
243,-0.68990076,YA8F:QA9S,3.77
244,-0.684801,YA8M:QA9A,3.77
245,-0.66808623,YA8L:QA9P,3.77
246,-0.66567326,YA8C:QA9H,3.77
247,-0.6632371,YA8F:QA9I,3.77
248,-0.6581841,YA8W:QA9A,3.77
249,-0.65448654,YA8M:QA9T,3.77
250,-0.6440903,YA8M:QA9V,3.77
251,-0.6414756,YA8D:QA9P,3.77
252,-0.63537616,YA8M:QA9S,3.77
253,-0.6353402,YA8L:QA9C,3.77
254,-0.62487495,YA8C:QA9N,3.77
255,-0.6233541,YA8W:QA9V,3.77
256,-0.617931,YA8W:QA9T,3.77
257,-0.6164134,YA8H:QA9P,3.77
258,-0.61207175,YA8C:QA9F,3.77
259,-0.6045824,YA8E:QA9P,3.77
260,-0.5995474,YA8W:QA9S,3.77
261,-0.5974765,YA8F:QA9D,3.77
262,-0.5913328,YA8M:QA9I,3.77
263,-0.58621264,YA8H:QA9C,3.77
264,-0.58178604,YA8C:QA9Y,3.77
265,-0.5738525,YA8D:QA9C,3.77
266,-0.5694473,YA8C:QA9G,3.77
267,-0.568927,YA8W:QA9I,3.77
268,-0.56346035,YA8N:QA9P,3.77
269,-0.5632733,YA8C:QA9K,3.77
270,-0.556317,YA8F:QA9E,3.77
271,-0.5547559,YA8E:QA9C,3.77
272,-0.5394633,YA8C:QA9L,3.77
273,-0.5380893,YA8M:QA9D,3.77
274,-0.53022045,YA8C:QA9M,3.77
275,-0.51804084,YA8L:QA9A,3.77
276,-0.5171366,YA8F:QA9H,3.77
277,-0.51586336,YA8N:QA9C,3.77
278,-0.5151955,YA8C:QA9R,3.77
279,-0.5072154,YA8W:QA9D,3.77
280,-0.5049466,YA8D:QA9A,3.77
281,-0.5047052,YA8D:QA9T,3.77
282,-0.6646755,PA33C:AA34C,3.81
283,-0.6625273,PA33C:AA34K,3.81
284,-0.60281616,PA33C:AA34Q,3.81
285,-0.540081,PA33C:AA34R,3.81
286,-0.61809266,NA36C:KA37I,3.79
287,-0.5548248,NA36C:KA37L,3.79
288,-0.6773379,KA37L:MA38I,3.79
289,-0.6402221,KA37I:MA38I,3.79
290,-0.51976836,KA37M:MA38I,3.79
291,-0.64486027,KA37L:EA176L,4.44
292,-0.6151452,KA37L:EA176C,4.44
293,-0.561296,KA37M:EA176L,4.44
294,-0.55792534,KA37L:EA176A,4.44
295,-0.5418217,KA37M:EA176C,4.44
296,-0.5206435,KA37L:EA176Q,4.44
297,-0.7352375,AA43C:KA44C,3.82
298,-0.72501916,AA43C:KA44L,3.82
299,-0.6846025,AA43C:KA44I,3.82
300,-0.5566889,AA43C:KA44M,3.82
301,-0.5247335,AA43C:KA44R,3.82
302,-0.52098066,AA43C:KA44V,3.82
303,-0.5016085,AA43L:KA44C,3.82
304,-1.4713405,AA43C:NA140L,4.93
305,-1.4220374,AA43N:NA140L,4.93
306,-1.3929695,AA43H:NA140L,4.93
307,-1.3821454,AA43M:NA140L,4.93
308,-1.347754,AA43C:NA140I,4.93
309,-1.3470036,AA43G:NA140L,4.93
310,-1.3347089,AA43Y:NA140L,4.93
311,-1.3332179,AA43C:NA140C,4.93
312,-1.3321732,AA43L:NA140L,4.93
313,-1.3256059,AA43C:NA140V,4.93
314,-1.2955397,AA43N:NA140I,4.93
315,-1.2857581,AA43N:NA140C,4.93
316,-1.2840376,AA43N:NA140V,4.93
317,-1.2833791,AA43C:NA140M,4.93
318,-1.2749801,AA43Q:NA140L,4.93
319,-1.2659903,AA43H:NA140I,4.93
320,-1.2550294,AA43S:NA140L,4.93
321,-1.2542739,AA43H:NA140C,4.93
322,-1.2541022,AA43K:NA140L,4.93
323,-1.2524529,AA43M:NA140I,4.93
324,-1.2498668,AA43H:NA140V,4.93
325,-1.2455564,AA43M:NA140C,4.93
326,-1.2306309,AA43M:NA140V,4.93
327,-1.2235042,AA43F:NA140L,4.93
328,-1.2194247,AA43G:NA140I,4.93
329,-1.2116927,AA43R:NA140L,4.93
330,-1.211606,AA43G:NA140V,4.93
331,-1.2111974,AA43G:NA140C,4.93
332,-1.2089012,AA43N:NA140M,4.93
333,-1.2062912,AA43Y:NA140I,4.93
334,-1.2061322,AA43L:NA140I,4.93
335,-1.2039033,AA43Y:NA140C,4.93
336,-1.2009284,AA43L:NA140C,4.93
337,-1.1889787,AA43L:NA140V,4.93
338,-1.1863022,AA43C:NA140A,4.93
339,-1.1842045,AA43Y:NA140V,4.93
340,-1.1815662,AA43E:NA140L,4.93
341,-1.1807449,AA43M:NA140M,4.93
342,-1.1776587,AA43H:NA140M,4.93
343,-1.1722491,AA43C:NA140T,4.93
344,-1.1414678,AA43Q:NA140I,4.93
345,-1.1400397,AA43Q:NA140C,4.93
346,-1.1363478,AA43G:NA140M,4.93
347,-1.1349672,AA43Q:NA140V,4.93
348,-1.1268127,AA43S:NA140C,4.93
349,-1.1263213,AA43L:NA140M,4.93
350,-1.1243207,AA43D:NA140L,4.93
351,-1.123282,AA43Y:NA140M,4.93
352,-1.1230549,AA43S:NA140I,4.93
353,-1.118973,AA43K:NA140C,4.93
354,-1.1170976,AA43K:NA140I,4.93
355,-1.1024718,AA43S:NA140V,4.93
356,-1.0987158,AA43F:NA140C,4.93
357,-1.0986378,AA43K:NA140V,4.93
358,-1.091584,AA43N:NA140A,4.93
359,-1.0898432,AA43F:NA140I,4.93
360,-1.0869601,AA43R:NA140C,4.93
361,-1.0810853,AA43R:NA140I,4.93
362,-1.0780475,AA43N:NA140T,4.93
363,-1.0646348,AA43M:NA140A,4.93
364,-1.0640535,AA43H:NA140A,4.93
365,-1.0617979,AA43F:NA140V,4.93
366,-1.0596666,AA43R:NA140V,4.93
367,-1.0551832,AA43M:NA140T,4.93
368,-1.0547012,AA43Q:NA140M,4.93
369,-1.0506573,AA43E:NA140C,4.93
370,-1.0489607,AA43E:NA140I,4.93
371,-1.048413,AA43H:NA140T,4.93
372,-1.0430857,AA43K:NA140M,4.93
373,-1.0366101,AA43E:NA140V,4.93
374,-1.0257626,AA43G:NA140A,4.93
375,-1.0201206,AA43G:NA140T,4.93
376,-1.0147811,AA43S:NA140M,4.93
377,-1.001524,AA43F:NA140M,4.93
378,-0.998918,AA43Y:NA140A,4.93
379,-0.9976902,AA43L:NA140T,4.93
380,-0.99614406,AA43C:NA140R,4.93
381,-0.994613,AA43D:NA140I,4.93
382,-0.99318576,AA43L:NA140A,4.93
383,-0.9922583,AA43R:NA140M,4.93
384,-0.9894116,AA43Y:NA140T,4.93
385,-0.9872726,AA43D:NA140C,4.93
386,-0.975095,AA43W:NA140L,4.93
387,-0.9741852,AA43D:NA140V,4.93
388,-0.96867186,AA43C:NA140Q,4.93
389,-0.9489066,AA43E:NA140M,4.93
390,-0.9474645,AA43C:NA140S,4.93
391,-0.93906987,AA43Q:NA140A,4.93
392,-0.9226949,AA43Q:NA140T,4.93
393,-0.9198671,AA43T:NA140L,4.93
394,-0.90537804,AA43K:NA140A,4.93
395,-0.90446436,AA43C:NA140K,4.93
396,-0.8941511,AA43S:NA140T,4.93
397,-0.88826764,AA43S:NA140A,4.93
398,-0.8801203,AA43K:NA140T,4.93
399,-0.86804813,AA43D:NA140M,4.93
400,-0.86768997,AA43F:NA140A,4.93
401,-0.8641881,AA43M:NA140R,4.93
402,-0.86094934,AA43F:NA140T,4.93
403,-0.85513103,AA43W:NA140C,4.93
404,-0.850788,AA43W:NA140I,4.93
405,-0.84333867,AA43C:NA140F,4.93
406,-0.8414186,AA43R:NA140A,4.93
407,-0.84006244,AA43N:NA140R,4.93
408,-0.8303133,AA43T:NA140C,4.93
409,-0.8266554,AA43M:NA140Q,4.93
410,-0.8257804,AA43E:NA140A,4.93
411,-0.82276744,AA43N:NA140Q,4.93
412,-0.81524223,AA43R:NA140T,4.93
413,-0.81478107,AA43H:NA140R,4.93
414,-0.811037,AA43W:NA140V,4.93
415,-0.80584013,AA43E:NA140T,4.93
416,-0.80577147,AA43G:NA140R,4.93
417,-0.8001332,AA43T:NA140I,4.93
418,-0.79729867,AA43M:NA140S,4.93
419,-0.79306567,AA43H:NA140Q,4.93
420,-0.79209715,AA43N:NA140S,4.93
421,-0.7878573,AA43L:NA140R,4.93
422,-0.7719478,AA43Y:NA140R,4.93
423,-0.77011067,AA43G:NA140Q,4.93
424,-0.76567805,AA43T:NA140V,4.93
425,-0.76269007,AA43H:NA140S,4.93
426,-0.7597059,AA43M:NA140K,4.93
427,-0.75300705,AA43L:NA140Q,4.93
428,-0.7438506,AA43G:NA140S,4.93
429,-0.7435681,AA43C:NA140Y,4.93
430,-0.7414781,AA43W:NA140M,4.93
431,-0.7368246,AA43Y:NA140Q,4.93
432,-0.73543644,AA43N:NA140K,4.93
433,-0.7333993,AA43D:NA140A,4.93
434,-0.7211911,AA43L:NA140S,4.93
435,-0.7209023,AA43D:NA140T,4.93
436,-0.71119606,AA43N:NA140F,4.93
437,-0.70807564,AA43H:NA140K,4.93
438,-0.7028037,AA43G:NA140K,4.93
439,-0.6996429,AA43M:NA140F,4.93
440,-0.6939206,AA43Y:NA140S,4.93
441,-0.68950725,AA43Q:NA140R,4.93
442,-0.6858846,AA43G:NA140F,4.93
443,-0.6819465,AA43H:NA140F,4.93
444,-0.6783302,AA43L:NA140K,4.93
445,-0.6613373,AA43Q:NA140Q,4.93
446,-0.6600423,AA43K:NA140R,4.93
447,-0.65952325,AA43Y:NA140K,4.93
448,-0.64450073,AA43F:NA140R,4.93
449,-0.64398295,AA43S:NA140R,4.93
450,-0.63764155,AA43I:NA140L,4.93
451,-0.63536537,AA43K:NA140Q,4.93
452,-0.6281942,AA43Q:NA140S,4.93
453,-0.62493676,AA43Y:NA140F,4.93
454,-0.6214614,AA43L:NA140F,4.93
455,-0.6187117,AA43T:NA140M,4.93
456,-0.6062275,AA43S:NA140Q,4.93
457,-0.60073245,AA43V:NA140L,4.93
458,-0.59837574,AA43F:NA140Q,4.93
459,-0.59554553,AA43K:NA140S,4.93
460,-0.5900073,AA43R:NA140R,4.93
461,-0.58303165,AA43M:NA140Y,4.93
462,-0.5790651,AA43E:NA140R,4.93
463,-0.5727301,AA43Q:NA140K,4.93
464,-0.5715897,AA43W:NA140A,4.93
465,-0.5715207,AA43I:NA140C,4.93
466,-0.56882775,AA43N:NA140Y,4.93
467,-0.5684451,AA43F:NA140S,4.93
468,-0.5673685,AA43S:NA140S,4.93
469,-0.5647918,AA43C:NA140H,4.93
470,-0.5639552,AA43R:NA140Q,4.93
471,-0.5584259,AA43W:NA140T,4.93
472,-0.5489485,AA43G:NA140Y,4.93
473,-0.54533494,AA43H:NA140Y,4.93
474,-0.54468906,AA43E:NA140Q,4.93
475,-0.5416617,AA43K:NA140F,4.93
476,-0.5403465,AA43C:NA140W,4.93
477,-0.53320706,AA43K:NA140K,4.93
478,-0.5279933,AA43V:NA140C,4.93
479,-0.5252005,AA43Q:NA140F,4.93
480,-0.51874256,AA43S:NA140K,4.93
481,-0.5186447,AA43F:NA140K,4.93
482,-0.51844156,AA43I:NA140I,4.93
483,-0.51175916,AA43R:NA140S,4.93
484,-0.5044541,AA43E:NA140S,4.93
485,-0.72275215,PA47V:HA138C,4.71
486,-0.69177234,PA47I:HA138C,4.71
487,-0.6798509,PA47V:HA138Y,4.71
488,-0.67721516,PA47L:HA138C,4.71
489,-0.6764483,PA47V:HA138F,4.71
490,-0.6421057,PA47L:HA138F,4.71
491,-0.6414257,PA47I:HA138F,4.71
492,-0.63614386,PA47I:HA138Y,4.71
493,-0.63498604,PA47L:HA138Y,4.71
494,-0.5984189,PA47V:HA138W,4.71
495,-0.558564,PA47I:HA138W,4.71
496,-0.53452456,PA47L:HA138W,4.71
497,-0.51639706,PA47C:HA138C,4.71
498,-0.7887822,QA49L:LA50I,3.79
499,-0.7103957,QA49C:LA50I,3.79
500,-0.6722957,QA49Y:LA50I,3.79
501,-0.57759935,QA49F:LA50I,3.79
502,-0.53109485,QA49M:LA50I,3.79
503,-0.53103137,QA49W:LA50I,3.79
504,-0.5216903,LA50I:WA51I,3.82
505,-0.7430434,SA54C:TA55M,3.79
506,-0.7172333,SA54C:TA55L,3.79
507,-0.7011066,SA54R:TA55M,3.79
508,-0.6897985,SA54R:TA55L,3.79
509,-0.6695268,SA54C:TA55C,3.79
510,-0.66442037,SA54K:TA55M,3.79
511,-0.6511715,SA54K:TA55L,3.79
512,-0.6238543,SA54R:TA55C,3.79
513,-0.5773507,SA54K:TA55C,3.79
514,-0.56821465,SA54I:TA55M,3.79
515,-0.5610265,SA54I:TA55L,3.79
516,-0.51310515,SA54C:TA55Y,3.79
517,-0.5125013,SA54I:TA55C,3.79
518,-0.5045508,SA54V:TA55M,3.79
519,-0.50228876,SA54V:TA55L,3.79
520,-0.8267632,AA64F:MA65F,3.81
521,-0.8258973,AA64L:MA65F,3.81
522,-0.75917995,AA64I:MA65F,3.81
523,-0.6373502,AA64F:MA65C,3.81
524,-0.6206864,AA64L:MA65C,3.81
525,-0.5709987,AA64L:MA65Y,3.81
526,-0.5639882,AA64F:MA65Y,3.81
527,-0.5519694,AA64L:MA65W,3.81
528,-0.5427713,AA64I:MA65C,3.81
529,-0.54274285,AA64F:MA65W,3.81
530,-1.1378767,MA65F:AA66L,3.79
531,-1.0799203,MA65W:AA66L,3.79
532,-1.0770922,MA65F:AA66I,3.79
533,-1.0453136,MA65F:AA66V,3.79
534,-1.0169289,MA65W:AA66I,3.79
535,-1.0131706,MA65C:AA66L,3.79
536,-0.9845867,MA65W:AA66V,3.79
537,-0.9628711,MA65C:AA66I,3.79
538,-0.91524625,MA65C:AA66V,3.79
539,-0.9082223,MA65L:AA66L,3.79
540,-0.9023126,MA65Y:AA66L,3.79
541,-0.8453572,MA65Y:AA66I,3.79
542,-0.84236157,MA65L:AA66I,3.79
543,-0.81577367,MA65Y:AA66V,3.79
544,-0.8059212,MA65L:AA66V,3.79
545,-0.6084367,MA65I:AA66L,3.79
546,-0.54301107,MA65I:AA66I,3.79
547,-0.51317215,MA65I:AA66V,3.79
548,-0.83804154,AA66L:IA67L,3.81
549,-0.8261588,AA66L:IA67M,3.81
550,-0.7976589,AA66L:IA67V,3.81
551,-0.52993053,AA66L:IA67C,3.81
552,-1.4937984,AA66L:TA158I,4.46
553,-1.4082098,AA66L:TA158L,4.46
554,-1.3286176,AA66L:TA158V,4.46
555,-1.3217201,AA66I:TA158I,4.46
556,-1.2990094,AA66V:TA158I,4.46
557,-1.2305372,AA66I:TA158L,4.46
558,-1.2121795,AA66V:TA158L,4.46
559,-1.1529791,AA66I:TA158V,4.46
560,-1.1355119,AA66V:TA158V,4.46
561,-1.0985,AA66L:TA158M,4.46
562,-1.009521,AA66C:TA158I,4.46
563,-0.9930615,AA66L:TA158C,4.46
564,-0.98894036,AA66L:TA158F,4.46
565,-0.9365387,AA66M:TA158I,4.46
566,-0.91904473,AA66I:TA158M,4.46
567,-0.9069805,AA66C:TA158L,4.46
568,-0.8945014,AA66V:TA158M,4.46
569,-0.85938156,AA66F:TA158I,4.46
570,-0.835009,AA66C:TA158V,4.46
571,-0.82389355,AA66I:TA158C,4.46
572,-0.8044285,AA66M:TA158L,4.46
573,-0.8039547,AA66I:TA158F,4.46
574,-0.79928166,AA66V:TA158C,4.46
575,-0.7753251,AA66V:TA158F,4.46
576,-0.74313056,AA66M:TA158V,4.46
577,-0.7215749,AA66F:TA158L,4.46
578,-0.6989555,AA66L:TA158W,4.46
579,-0.65805435,AA66F:TA158V,4.46
580,-0.6025139,AA66L:TA158Y,4.46
581,-0.5821583,AA66C:TA158M,4.46
582,-0.51657104,AA66C:TA158C,4.46
583,-0.9763845,KA69I:QA70D,3.82
584,-0.9752924,KA69L:QA70D,3.82
585,-0.8995145,KA69I:QA70C,3.82
586,-0.8979887,KA69L:QA70C,3.82
587,-0.857582,KA69V:QA70D,3.82
588,-0.81834626,KA69I:QA70N,3.82
589,-0.81332535,KA69L:QA70E,3.82
590,-0.8099566,KA69L:QA70N,3.82
591,-0.80873823,KA69I:QA70E,3.82
592,-0.76765287,KA69C:QA70D,3.82
593,-0.7585671,KA69V:QA70C,3.82
594,-0.7238647,KA69C:QA70C,3.82
595,-0.6881655,KA69M:QA70D,3.82
596,-0.68244946,KA69I:QA70H,3.82
597,-0.67272925,KA69L:QA70H,3.82
598,-0.6557838,KA69V:QA70E,3.82
599,-0.64719236,KA69V:QA70N,3.82
600,-0.6233607,KA69M:QA70C,3.82
601,-0.6073588,KA69I:QA70T,3.82
602,-0.6037048,KA69L:QA70T,3.82
603,-0.59090686,KA69C:QA70N,3.82
604,-0.58855325,KA69C:QA70E,3.82
605,-0.5870934,KA69I:QA70M,3.82
606,-0.5844868,KA69L:QA70M,3.82
607,-0.56951725,KA69I:QA70S,3.82
608,-0.5575558,KA69L:QA70S,3.82
609,-0.5270881,KA69I:QA70L,3.82
610,-0.52063596,KA69L:QA70L,3.82
611,-0.51816976,KA69R:QA70D,3.82
612,-0.5181028,KA69A:QA70D,3.82
613,-0.5071154,KA69I:QA70W,3.82
614,-0.73066694,QA70E:SA71R,3.81
615,-0.7093291,QA70C:SA71R,3.81
616,-0.6878834,QA70C:SA71C,3.81
617,-0.67686856,QA70E:SA71C,3.81
618,-0.6701472,QA70C:SA71H,3.81
619,-0.66736495,QA70W:SA71R,3.81
620,-0.66637474,QA70E:SA71T,3.81
621,-0.6658533,QA70D:SA71R,3.81
622,-0.6571307,QA70E:SA71H,3.81
623,-0.6523224,QA70C:SA71T,3.81
624,-0.6514447,QA70E:SA71G,3.81
625,-0.6463504,QA70W:SA71C,3.81
626,-0.64497626,QA70C:SA71G,3.81
627,-0.6428027,QA70D:SA71C,3.81
628,-0.6359685,QA70C:SA71A,3.81
629,-0.63264155,QA70E:SA71A,3.81
630,-0.62910855,QA70E:SA71E,3.81
631,-0.6231914,QA70E:SA71K,3.81
632,-0.6209545,QA70C:SA71K,3.81
633,-0.61559534,QA70W:SA71H,3.81
634,-0.6136302,QA70C:SA71Y,3.81
635,-0.6135392,QA70D:SA71T,3.81
636,-0.6123067,QA70Y:SA71R,3.81
637,-0.61159277,QA70C:SA71E,3.81
638,-0.6105229,QA70D:SA71G,3.81
639,-0.6093677,QA70D:SA71H,3.81
640,-0.59923506,QA70Y:SA71C,3.81
641,-0.59640336,QA70W:SA71G,3.81
642,-0.5957741,QA70W:SA71T,3.81
643,-0.59270185,QA70W:SA71A,3.81
644,-0.59243166,QA70E:SA71P,3.81
645,-0.5918746,QA70D:SA71A,3.81
646,-0.5909249,QA70E:SA71Q,3.81
647,-0.58772355,QA70E:SA71Y,3.81
648,-0.5855623,QA70C:SA71Q,3.81
649,-0.5845903,QA70C:SA71P,3.81
650,-0.5819555,QA70C:SA71F,3.81
651,-0.5812285,QA70F:SA71R,3.81
652,-0.5803523,QA70W:SA71E,3.81
653,-0.57837,QA70D:SA71K,3.81
654,-0.57803327,QA70M:SA71R,3.81
655,-0.5768012,QA70D:SA71E,3.81
656,-0.57594657,QA70W:SA71K,3.81
657,-0.5744433,QA70W:SA71Y,3.81
658,-0.5643902,QA70C:SA71V,3.81
659,-0.56058836,QA70E:SA71F,3.81
660,-0.5584737,QA70I:SA71R,3.81
661,-0.5576252,QA70D:SA71Y,3.81
662,-0.55718094,QA70F:SA71C,3.81
663,-0.55642384,QA70M:SA71C,3.81
664,-0.5471966,QA70W:SA71F,3.81
665,-0.5433551,QA70E:SA71V,3.81
666,-0.54293764,QA70Y:SA71H,3.81
667,-0.5419725,QA70D:SA71P,3.81
668,-0.54170334,QA70D:SA71F,3.81
669,-0.5399844,QA70D:SA71Q,3.81
670,-0.53981483,QA70I:SA71C,3.81
671,-0.5380273,QA70Y:SA71G,3.81
672,-0.5360611,QA70W:SA71P,3.81
673,-0.5321568,QA70W:SA71Q,3.81
674,-0.53208816,QA70Y:SA71T,3.81
675,-0.5273111,QA70Y:SA71A,3.81
676,-0.527217,QA70C:SA71W,3.81
677,-0.52504265,QA70C:SA71I,3.81
678,-0.5243734,QA70L:SA71R,3.81
679,-0.5238773,QA70D:SA71V,3.81
680,-0.5209789,QA70Y:SA71E,3.81
681,-0.51330185,QA70F:SA71H,3.81
682,-0.5101309,QA70L:SA71C,3.81
683,-0.50793993,QA70Y:SA71K,3.81
684,-0.50330293,QA70E:SA71W,3.81
685,-0.50214005,QA70M:SA71G,3.81
686,-0.672274,SA71C:QA72D,3.81
687,-0.6248673,SA71H:QA72D,3.81
688,-0.5814681,SA71C:QA72C,3.81
689,-0.5496031,SA71C:QA72T,3.81
690,-0.543728,SA71E:QA72D,3.81
691,-0.5417394,SA71C:QA72N,3.81
692,-0.5300938,SA71R:QA72D,3.81
693,-0.518603,SA71C:QA72S,3.81
694,-0.51629746,SA71Q:QA72D,3.81
695,-0.5116724,SA71I:QA72D,3.81
696,-0.50800174,SA71W:QA72D,3.81
697,-0.50093246,SA71T:QA72D,3.81
698,-0.5007539,SA71L:QA72D,3.81
699,-0.8923327,QA72C:HA73F,3.8
700,-0.8568467,QA72D:HA73F,3.8
701,-0.8091996,QA72C:HA73W,3.8
702,-0.80407363,QA72C:HA73Y,3.8
703,-0.80289155,QA72S:HA73F,3.8
704,-0.7928585,QA72N:HA73F,3.8
705,-0.7530991,QA72D:HA73Y,3.8
706,-0.7376205,QA72D:HA73W,3.8
707,-0.7098382,QA72E:HA73F,3.8
708,-0.7022511,QA72S:HA73Y,3.8
709,-0.700295,QA72S:HA73W,3.8
710,-0.683277,QA72N:HA73Y,3.8
711,-0.67570466,QA72N:HA73W,3.8
712,-0.674486,QA72T:HA73F,3.8
713,-0.59423393,QA72E:HA73W,3.8
714,-0.5926118,QA72E:HA73Y,3.8
715,-0.584905,QA72H:HA73F,3.8
716,-0.56429994,QA72T:HA73Y,3.8
717,-0.5636445,QA72T:HA73W,3.8
718,-0.91967946,HA73Y:MA74R,3.79
719,-0.90744555,HA73Y:MA74A,3.79
720,-0.8596535,HA73F:MA74R,3.79
721,-0.8405391,HA73F:MA74A,3.79
722,-0.7343533,HA73W:MA74R,3.79
723,-0.72357094,HA73W:MA74A,3.79
724,-0.6298831,HA73Y:MA74I,3.79
725,-0.62963384,HA73Y:MA74Q,3.79
726,-0.60221076,HA73Y:MA74T,3.79
727,-0.60178554,HA73Y:MA74C,3.79
728,-0.5756132,HA73Y:MA74S,3.79
729,-0.56083053,HA73F:MA74Q,3.79
730,-0.5481061,HA73F:MA74I,3.79
731,-0.54156995,HA73F:MA74C,3.79
732,-0.5282476,HA73F:MA74T,3.79
733,-0.5146427,HA73F:MA74S,3.79
734,-0.79948235,EA76C:VA77I,3.82
735,-0.6840442,EA76M:VA77I,3.82
736,-0.658797,EA76I:VA77I,3.82
737,-0.61902034,EA76C:VA77A,3.82
738,-0.597793,EA76C:VA77C,3.82
739,-0.5289513,EA76R:VA77I,3.82
740,-1.186243,PA82C:HA83C,3.8
741,-1.128575,PA82C:HA83W,3.8
742,-1.0844147,PA82W:HA83C,3.8
743,-1.081345,PA82I:HA83C,3.8
744,-1.0694196,PA82V:HA83C,3.8
745,-1.0411637,PA82I:HA83W,3.8
746,-1.0318892,PA82F:HA83C,3.8
747,-1.0301521,PA82V:HA83W,3.8
748,-1.0230842,PA82W:HA83W,3.8
749,-0.97499555,PA82C:HA83Y,3.8
750,-0.96038425,PA82C:HA83F,3.8
751,-0.9558056,PA82F:HA83W,3.8
752,-0.9371965,PA82C:HA83Q,3.8
753,-0.8802601,PA82L:HA83C,3.8
754,-0.8727534,PA82C:HA83K,3.8
755,-0.86415774,PA82I:HA83F,3.8
756,-0.862798,PA82I:HA83Y,3.8
757,-0.8513169,PA82C:HA83T,3.8
758,-0.8509719,PA82V:HA83Y,3.8
759,-0.8487153,PA82Y:HA83C,3.8
760,-0.8481382,PA82V:HA83F,3.8
761,-0.84707797,PA82W:HA83Y,3.8
762,-0.8460572,PA82W:HA83F,3.8
763,-0.8380933,PA82V:HA83Q,3.8
764,-0.8281834,PA82I:HA83Q,3.8
765,-0.8206878,PA82C:HA83R,3.8
766,-0.81719714,PA82L:HA83W,3.8
767,-0.810176,PA82W:HA83Q,3.8
768,-0.80133146,PA82C:HA83E,3.8
769,-0.772689,PA82F:HA83F,3.8
770,-0.7712698,PA82F:HA83Y,3.8
771,-0.76803637,PA82Y:HA83W,3.8
772,-0.7667887,PA82V:HA83K,3.8
773,-0.7638073,PA82C:HA83N,3.8
774,-0.7624332,PA82I:HA83K,3.8
775,-0.7596735,PA82C:HA83I,3.8
776,-0.74459755,PA82W:HA83K,3.8
777,-0.739736,PA82V:HA83T,3.8
778,-0.73213184,PA82V:HA83E,3.8
779,-0.7286471,PA82I:HA83T,3.8
780,-0.7285587,PA82F:HA83Q,3.8
781,-0.7173485,PA82I:HA83E,3.8
782,-0.7120369,PA82V:HA83R,3.8
783,-0.7109834,PA82I:HA83R,3.8
784,-0.69879746,PA82W:HA83T,3.8
785,-0.6873894,PA82W:HA83R,3.8
786,-0.68363214,PA82M:HA83C,3.8
787,-0.6767373,PA82W:HA83E,3.8
788,-0.66910505,PA82F:HA83K,3.8
789,-0.6647407,PA82V:HA83N,3.8
790,-0.64537346,PA82I:HA83N,3.8
791,-0.62939525,PA82F:HA83T,3.8
792,-0.62576747,PA82I:HA83I,3.8
793,-0.61899805,PA82W:HA83N,3.8
794,-0.6185715,PA82C:HA83A,3.8
795,-0.61527586,PA82V:HA83I,3.8
796,-0.61208224,PA82L:HA83Y,3.8
797,-0.6115233,PA82W:HA83I,3.8
798,-0.61119425,PA82L:HA83F,3.8
799,-0.6061511,PA82F:HA83R,3.8
800,-0.603871,PA82C:HA83S,3.8
801,-0.6018467,PA82H:HA83C,3.8
802,-0.60021734,PA82C:HA83V,3.8
803,-0.59667754,PA82M:HA83W,3.8
804,-0.59605026,PA82F:HA83E,3.8
805,-0.58689356,PA82C:HA83M,3.8
806,-0.5704788,PA82L:HA83Q,3.8
807,-0.5701153,PA82Y:HA83Y,3.8
808,-0.5645014,PA82Y:HA83F,3.8
809,-0.5617368,PA82C:HA83D,3.8
810,-0.5569201,PA82F:HA83N,3.8
811,-0.5533002,PA82Q:HA83C,3.8
812,-0.53626865,PA82C:HA83L,3.8
813,-0.5318651,PA82Y:HA83Q,3.8
814,-0.5202187,PA82F:HA83I,3.8
815,-0.5090212,PA82H:HA83W,3.8
816,-0.50006765,PA82I:HA83A,3.8
817,-0.53791404,EA85I:RA86C,3.79
818,-0.6663913,SA88C:DA89C,3.81
819,-0.6095212,SA88H:DA89C,3.81
820,-0.53604233,SA88G:DA89C,3.81
821,-0.52946603,SA88N:DA89C,3.81
822,-1.2635725,QA97R:HA98F,3.82
823,-1.2421266,QA97Y:HA98F,3.82
824,-1.1524595,QA97R:HA98I,3.82
825,-1.151268,QA97W:HA98F,3.82
826,-1.143141,QA97Y:HA98I,3.82
827,-1.128223,QA97H:HA98F,3.82
828,-1.1225429,QA97C:HA98F,3.82
829,-1.0536776,QA97M:HA98F,3.82
830,-1.0483593,QA97W:HA98I,3.82
831,-1.0417275,QA97I:HA98F,3.82
832,-1.029593,QA97R:HA98C,3.82
833,-1.0221075,QA97Y:HA98C,3.82
834,-1.019778,QA97H:HA98I,3.82
835,-1.0131807,QA97C:HA98I,3.82
836,-1.0127532,QA97F:HA98F,3.82
837,-0.9956678,QA97R:HA98V,3.82
838,-0.9878701,QA97R:HA98L,3.82
839,-0.98433584,QA97E:HA98F,3.82
840,-0.97583884,QA97T:HA98F,3.82
841,-0.9728458,QA97Y:HA98V,3.82
842,-0.9546336,QA97Y:HA98L,3.82
843,-0.952,QA97N:HA98F,3.82
844,-0.9511037,QA97W:HA98C,3.82
845,-0.94662994,QA97M:HA98I,3.82
846,-0.93664104,QA97I:HA98I,3.82
847,-0.9348389,QA97K:HA98F,3.82
848,-0.93002295,QA97V:HA98F,3.82
849,-0.92497474,QA97C:HA98C,3.82
850,-0.9113163,QA97L:HA98F,3.82
851,-0.9034362,QA97F:HA98I,3.82
852,-0.9015497,QA97A:HA98F,3.82
853,-0.896422,QA97H:HA98C,3.82
854,-0.89278686,QA97R:HA98Y,3.82
855,-0.8890207,QA97W:HA98V,3.82
856,-0.8847491,QA97S:HA98F,3.82
857,-0.8843988,QA97W:HA98L,3.82
858,-0.86777586,QA97C:HA98V,3.82
859,-0.8672464,QA97E:HA98I,3.82
860,-0.8623737,QA97C:HA98L,3.82
861,-0.8566412,QA97T:HA98I,3.82
862,-0.84846187,QA97Y:HA98Y,3.82
863,-0.84337413,QA97H:HA98V,3.82
864,-0.84217775,QA97H:HA98L,3.82
865,-0.8311343,QA97M:HA98C,3.82
866,-0.83111507,QA97N:HA98I,3.82
867,-0.8310982,QA97G:HA98F,3.82
868,-0.82545125,QA97I:HA98C,3.82
869,-0.81988794,QA97V:HA98I,3.82
870,-0.8197836,QA97R:HA98W,3.82
871,-0.81417775,QA97K:HA98I,3.82
872,-0.81004333,QA97C:HA98Y,3.82
873,-0.7936741,QA97Y:HA98W,3.82
874,-0.7923518,QA97L:HA98I,3.82
875,-0.7882738,QA97F:HA98C,3.82
876,-0.7881024,QA97D:HA98F,3.82
877,-0.7864208,QA97W:HA98Y,3.82
878,-0.78489053,QA97A:HA98I,3.82
879,-0.7567191,QA97S:HA98I,3.82
880,-0.75506026,QA97C:HA98W,3.82
881,-0.7520963,QA97M:HA98V,3.82
882,-0.75021505,QA97I:HA98V,3.82
883,-0.73776567,QA97M:HA98L,3.82
884,-0.7349451,QA97H:HA98Y,3.82
885,-0.7347733,QA97I:HA98L,3.82
886,-0.73467714,QA97E:HA98C,3.82
887,-0.7277727,QA97W:HA98W,3.82
888,-0.7265062,QA97T:HA98C,3.82
889,-0.7149633,QA97F:HA98V,3.82
890,-0.70487267,QA97V:HA98C,3.82
891,-0.70188904,QA97R:HA98M,3.82
892,-0.70088756,QA97G:HA98I,3.82
893,-0.7005491,QA97F:HA98L,3.82
894,-0.6914027,QA97N:HA98C,3.82
895,-0.6847781,QA97L:HA98C,3.82
896,-0.68147933,QA97K:HA98C,3.82
897,-0.67223704,QA97H:HA98W,3.82
898,-0.6700672,QA97E:HA98V,3.82
899,-0.66667116,QA97A:HA98C,3.82
900,-0.6586342,QA97D:HA98I,3.82
901,-0.65625906,QA97Y:HA98M,3.82
902,-0.656181,QA97E:HA98L,3.82
903,-0.6463862,QA97T:HA98V,3.82
904,-0.6381947,QA97C:HA98M,3.82
905,-0.6349201,QA97S:HA98C,3.82
906,-0.63276505,QA97N:HA98V,3.82
907,-0.63063633,QA97T:HA98L,3.82
908,-0.6292467,QA97N:HA98L,3.82
909,-0.62237173,QA97V:HA98V,3.82
910,-0.6180094,QA97K:HA98V,3.82
911,-0.61641455,QA97I:HA98Y,3.82
912,-0.6125841,QA97W:HA98M,3.82
913,-0.6042901,QA97K:HA98L,3.82
914,-0.6031036,QA97V:HA98L,3.82
915,-0.59438586,QA97M:HA98Y,3.82
916,-0.59312797,QA97G:HA98C,3.82
917,-0.58493423,QA97L:HA98V,3.82
918,-0.5814212,QA97F:HA98Y,3.82
919,-0.57202375,QA97L:HA98L,3.82
920,-0.568219,QA97A:HA98V,3.82
921,-0.5656202,QA97I:HA98W,3.82
922,-0.55611616,QA97A:HA98L,3.82
923,-0.5486051,QA97S:HA98V,3.82
924,-0.54844487,QA97M:HA98W,3.82
925,-0.54303634,QA97S:HA98L,3.82
926,-0.5385982,QA97F:HA98W,3.82
927,-0.5371208,QA97E:HA98Y,3.82
928,-0.5303188,QA97H:HA98M,3.82
929,-0.52852666,QA97D:HA98C,3.82
930,-0.512179,QA97N:HA98Y,3.82
931,-0.5052692,QA97G:HA98V,3.82
932,-1.1103988,HA98F:LA99I,3.78
933,-0.84659886,HA98F:LA99V,3.78
934,-0.8043859,HA98I:LA99I,3.78
935,-0.7638414,HA98C:LA99I,3.78
936,-0.7540472,HA98L:LA99I,3.78
937,-0.6861087,HA98Y:LA99I,3.78
938,-0.65086466,HA98V:LA99I,3.78
939,-0.6308217,HA98W:LA99I,3.78
940,-0.5847553,HA98M:LA99I,3.78
941,-0.6692512,VA102I:YA139F,4.53
942,-0.6632087,VA102I:YA139L,4.53
943,-0.67014146,NA105D:LA106C,3.81
944,-0.6395327,NA105D:LA106T,3.81
945,-0.58819556,NA105D:LA106H,3.81
946,-0.5794339,NA105D:LA106A,3.81
947,-0.57925344,NA105D:LA106Q,3.81
948,-0.5778809,NA105D:LA106S,3.81
949,-0.5182252,NA105D:LA106V,3.81
950,-0.5019295,NA105D:LA106N,3.81
951,-0.5250157,YA110F:LA111C,3.81
952,-1.1935792,LA111C:DA112C,3.82
953,-1.1909313,LA111C:DA112Y,3.82
954,-1.1676682,LA111C:DA112L,3.82
955,-1.1668755,LA111C:DA112F,3.82
956,-1.1405578,LA111C:DA112W,3.82
957,-1.1215886,LA111C:DA112M,3.82
958,-1.1172223,LA111C:DA112I,3.82
959,-1.0575866,LA111F:DA112C,3.82
960,-1.0469561,LA111F:DA112Y,3.82
961,-1.0359229,LA111Y:DA112C,3.82
962,-1.0348135,LA111C:DA112V,3.82
963,-1.0216603,LA111F:DA112F,3.82
964,-1.0202022,LA111Y:DA112Y,3.82
965,-1.0159682,LA111F:DA112L,3.82
966,-0.9941896,LA111F:DA112W,3.82
967,-0.9926983,LA111Y:DA112F,3.82
968,-0.98127496,LA111Y:DA112L,3.82
969,-0.97004104,LA111F:DA112I,3.82
970,-0.96896625,LA111Y:DA112W,3.82
971,-0.96442527,LA111F:DA112M,3.82
972,-0.9409724,LA111C:DA112R,3.82
973,-0.93886995,LA111Y:DA112I,3.82
974,-0.9265158,LA111Y:DA112M,3.82
975,-0.9196711,LA111C:DA112H,3.82
976,-0.89866024,LA111I:DA112C,3.82
977,-0.88880044,LA111M:DA112C,3.82
978,-0.8863821,LA111I:DA112Y,3.82
979,-0.88200355,LA111F:DA112V,3.82
980,-0.86794543,LA111I:DA112F,3.82
981,-0.8537564,LA111M:DA112Y,3.82
982,-0.8513455,LA111I:DA112L,3.82
983,-0.8513158,LA111I:DA112W,3.82
984,-0.847153,LA111H:DA112C,3.82
985,-0.8469532,LA111Y:DA112V,3.82
986,-0.8430088,LA111W:DA112C,3.82
987,-0.8348831,LA111M:DA112F,3.82
988,-0.8301785,LA111C:DA112A,3.82
989,-0.821244,LA111M:DA112L,3.82
990,-0.81431586,LA111W:DA112Y,3.82
991,-0.8096951,LA111M:DA112W,3.82
992,-0.8093606,LA111I:DA112I,3.82
993,-0.80630076,LA111H:DA112Y,3.82
994,-0.8043259,LA111V:DA112C,3.82
995,-0.793342,LA111I:DA112M,3.82
996,-0.79260796,LA111H:DA112F,3.82
997,-0.79072255,LA111W:DA112F,3.82
998,-0.78333354,LA111R:DA112C,3.82
999,-0.78292215,LA111C:DA112Q,3.82
1000,-0.7740574,LA111V:DA112Y,3.82
1001,-0.77230245,LA111M:DA112I,3.82
1002,-0.7719327,LA111H:DA112L,3.82
1003,-0.77103573,LA111C:DA112K,3.82
1004,-0.76786566,LA111W:DA112W,3.82
1005,-0.76709414,LA111H:DA112W,3.82
1006,-0.7633207,LA111W:DA112L,3.82
1007,-0.76168686,LA111F:DA112R,3.82
1008,-0.7552687,LA111V:DA112F,3.82
1009,-0.74739933,LA111H:DA112I,3.82
1010,-0.7455203,LA111F:DA112H,3.82
1011,-0.7401414,LA111M:DA112M,3.82
1012,-0.73791325,LA111R:DA112Y,3.82
1013,-0.73600954,LA111V:DA112W,3.82
1014,-0.73424137,LA111V:DA112L,3.82
1015,-0.7300991,LA111W:DA112I,3.82
1016,-0.7235649,LA111I:DA112V,3.82
1017,-0.722673,LA111R:DA112F,3.82
1018,-0.7207099,LA111Y:DA112R,3.82
1019,-0.7089571,LA111A:DA112C,3.82
1020,-0.70626354,LA111R:DA112L,3.82
1021,-0.7020351,LA111Y:DA112H,3.82
1022,-0.70167255,LA111R:DA112W,3.82
1023,-0.7009653,LA111V:DA112I,3.82
1024,-0.69862294,LA111H:DA112M,3.82
1025,-0.69766766,LA111W:DA112M,3.82
1026,-0.6953454,LA111N:DA112C,3.82
1027,-0.6758164,LA111Q:DA112C,3.82
1028,-0.6756878,LA111T:DA112C,3.82
1029,-0.6708235,LA111M:DA112V,3.82
1030,-0.6666805,LA111S:DA112C,3.82
1031,-0.6644465,LA111R:DA112I,3.82
1032,-0.6633922,LA111A:DA112Y,3.82
1033,-0.66007566,LA111V:DA112M,3.82
1034,-0.6545438,LA111A:DA112F,3.82
1035,-0.649127,LA111N:DA112Y,3.82
1036,-0.6475314,LA111H:DA112V,3.82
1037,-0.64553094,LA111C:DA112E,3.82
1038,-0.645313,LA111C:DA112T,3.82
1039,-0.64486253,LA111R:DA112M,3.82
1040,-0.6430467,LA111N:DA112F,3.82
1041,-0.62619674,LA111N:DA112L,3.82
1042,-0.62536913,LA111W:DA112V,3.82
1043,-0.6253258,LA111A:DA112L,3.82
1044,-0.62238127,LA111A:DA112W,3.82
1045,-0.61880946,LA111T:DA112Y,3.82
1046,-0.61484104,LA111F:DA112A,3.82
1047,-0.614691,LA111T:DA112F,3.82
1048,-0.60766685,LA111Q:DA112Y,3.82
1049,-0.6069991,LA111N:DA112W,3.82
1050,-0.602811,LA111V:DA112V,3.82
1051,-0.6024103,LA111A:DA112I,3.82
1052,-0.5968119,LA111N:DA112I,3.82
1053,-0.59548414,LA111Q:DA112F,3.82
1054,-0.591316,LA111T:DA112L,3.82
1055,-0.590063,LA111I:DA112R,3.82
1056,-0.5831579,LA111S:DA112Y,3.82
1057,-0.58199763,LA111Q:DA112L,3.82
1058,-0.5775897,LA111Q:DA112W,3.82
1059,-0.57672966,LA111T:DA112W,3.82
1060,-0.57659674,LA111S:DA112F,3.82
1061,-0.576066,LA111R:DA112V,3.82
1062,-0.5760506,LA111C:DA112N,3.82
1063,-0.5682296,LA111F:DA112Q,3.82
1064,-0.5661762,LA111T:DA112I,3.82
1065,-0.5653845,LA111Y:DA112A,3.82
1066,-0.56479406,LA111F:DA112K,3.82
1067,-0.56328964,LA111S:DA112L,3.82
1068,-0.56220627,LA111I:DA112H,3.82
1069,-0.5531509,LA111Q:DA112I,3.82
1070,-0.5462598,LA111S:DA112W,3.82
1071,-0.54032654,LA111C:DA112S,3.82
1072,-0.5398133,LA111A:DA112M,3.82
1073,-0.53584033,LA111N:DA112M,3.82
1074,-0.53417176,LA111S:DA112I,3.82
1075,-0.5224233,LA111Y:DA112K,3.82
1076,-0.5165775,LA111K:DA112C,3.82
1077,-0.5053525,LA111Y:DA112Q,3.82
1078,-0.50305766,LA111A:DA112V,3.82
1079,-0.7037678,DA112F:DA113N,3.81
1080,-0.6921615,DA112Y:DA113N,3.81
1081,-0.675053,DA112L:DA113N,3.81
1082,-0.6640428,DA112W:DA113N,3.81
1083,-0.65448064,DA112F:DA113C,3.81
1084,-0.64790714,DA112Y:DA113C,3.81
1085,-0.6341007,DA112I:DA113N,3.81
1086,-0.62798804,DA112L:DA113C,3.81
1087,-0.62371856,DA112W:DA113C,3.81
1088,-0.58689356,DA112I:DA113C,3.81
1089,-0.5828625,DA112M:DA113N,3.81
1090,-0.5803465,DA112C:DA113N,3.81
1091,-0.5526485,DA112C:DA113C,3.81
1092,-0.5345185,DA112M:DA113C,3.81
1093,-1.7219017,DA112L:HA119L,4.82
1094,-1.6736517,DA112L:HA119F,4.82
1095,-1.6697489,DA112L:HA119W,4.82
1096,-1.6670384,DA112L:HA119Y,4.82
1097,-1.662612,DA112C:HA119L,4.82
1098,-1.6126704,DA112L:HA119C,4.82
1099,-1.6116195,DA112C:HA119F,4.82
1100,-1.605704,DA112C:HA119Y,4.82
1101,-1.6043055,DA112C:HA119W,4.82
1102,-1.5931827,DA112W:HA119L,4.82
1103,-1.5895293,DA112L:HA119M,4.82
1104,-1.5504057,DA112F:HA119L,4.82
1105,-1.5454648,DA112M:HA119L,4.82
1106,-1.5446131,DA112C:HA119C,4.82
1107,-1.5434,DA112W:HA119F,4.82
1108,-1.5423743,DA112W:HA119W,4.82
1109,-1.5417125,DA112W:HA119Y,4.82
1110,-1.537059,DA112I:HA119L,4.82
1111,-1.529179,DA112C:HA119M,4.82
1112,-1.5131245,DA112Y:HA119L,4.82
1113,-1.4973596,DA112M:HA119W,4.82
1114,-1.4964612,DA112F:HA119Y,4.82
1115,-1.4953936,DA112M:HA119Y,4.82
1116,-1.4939191,DA112M:HA119F,4.82
1117,-1.4930158,DA112F:HA119F,4.82
1118,-1.4926031,DA112I:HA119Y,4.82
1119,-1.4904327,DA112F:HA119W,4.82
1120,-1.4895257,DA112I:HA119F,4.82
1121,-1.4853911,DA112I:HA119W,4.82
1122,-1.4831619,DA112W:HA119C,4.82
1123,-1.4614308,DA112W:HA119M,4.82
1124,-1.4607925,DA112Y:HA119F,4.82
1125,-1.4597573,DA112Y:HA119Y,4.82
1126,-1.4586143,DA112Y:HA119W,4.82
1127,-1.4393392,DA112M:HA119C,4.82
1128,-1.4382985,DA112F:HA119C,4.82
1129,-1.4247513,DA112F:HA119M,4.82
1130,-1.4245126,DA112I:HA119C,4.82
1131,-1.4152098,DA112M:HA119M,4.82
1132,-1.4091969,DA112I:HA119M,4.82
1133,-1.4066316,DA112Y:HA119C,4.82
1134,-1.4000016,DA112L:HA119I,4.82
1135,-1.3854351,DA112Y:HA119M,4.82
1136,-1.383251,DA112V:HA119L,4.82
1137,-1.3498263,DA112C:HA119I,4.82
1138,-1.3371592,DA112V:HA119Y,4.82
1139,-1.3327428,DA112V:HA119W,4.82
1140,-1.3284519,DA112V:HA119F,4.82
1141,-1.2831993,DA112W:HA119I,4.82
1142,-1.2690699,DA112V:HA119C,4.82
1143,-1.2596645,DA112L:HA119V,4.82
1144,-1.2530636,DA112V:HA119M,4.82
1145,-1.2309126,DA112F:HA119I,4.82
1146,-1.2244399,DA112M:HA119I,4.82
1147,-1.2133906,DA112C:HA119V,4.82
1148,-1.2122867,DA112I:HA119I,4.82
1149,-1.196023,DA112Y:HA119I,4.82
1150,-1.1497674,DA112W:HA119V,4.82
1151,-1.124265,DA112H:HA119L,4.82
1152,-1.096572,DA112Q:HA119L,4.82
1153,-1.0941081,DA112F:HA119V,4.82
1154,-1.0770383,DA112H:HA119W,4.82
1155,-1.0754328,DA112I:HA119V,4.82
1156,-1.0749708,DA112M:HA119V,4.82
1157,-1.0696651,DA112H:HA119Y,4.82
1158,-1.061271,DA112Y:HA119V,4.82
1159,-1.0583835,DA112H:HA119F,4.82
1160,-1.0567803,DA112V:HA119I,4.82
1161,-1.0566552,DA112A:HA119L,4.82
1162,-1.0499238,DA112Q:HA119W,4.82
1163,-1.0457536,DA112Q:HA119Y,4.82
1164,-1.0365005,DA112Q:HA119F,4.82
1165,-1.0234995,DA112H:HA119C,4.82
1166,-1.015789,DA112A:HA119Y,4.82
1167,-1.0152342,DA112A:HA119W,4.82
1168,-1.0070388,DA112A:HA119F,4.82
1169,-0.99811256,DA112H:HA119M,4.82
1170,-0.9934804,DA112Q:HA119C,4.82
1171,-0.9904858,DA112T:HA119L,4.82
1172,-0.9650261,DA112Q:HA119M,4.82
1173,-0.9603537,DA112T:HA119W,4.82
1174,-0.95801264,DA112E:HA119L,4.82
1175,-0.95517087,DA112T:HA119Y,4.82
1176,-0.9537618,DA112A:HA119C,4.82
1177,-0.949491,DA112K:HA119L,4.82
1178,-0.94466674,DA112L:HA119A,4.82
1179,-0.9414676,DA112T:HA119F,4.82
1180,-0.936414,DA112L:HA119T,4.82
1181,-0.93421376,DA112L:HA119Q,4.82
1182,-0.931167,DA112A:HA119M,4.82
1183,-0.9252342,DA112R:HA119L,4.82
1184,-0.9165914,DA112E:HA119W,4.82
1185,-0.91517854,DA112E:HA119Y,4.82
1186,-0.9134267,DA112V:HA119V,4.82
1187,-0.9116485,DA112T:HA119C,4.82
1188,-0.9099105,DA112K:HA119W,4.82
1189,-0.90722746,DA112E:HA119F,4.82
1190,-0.9008559,DA112K:HA119Y,4.82
1191,-0.8987217,DA112K:HA119F,4.82
1192,-0.8976596,DA112C:HA119Q,4.82
1193,-0.89731306,DA112C:HA119T,4.82
1194,-0.8916762,DA112R:HA119W,4.82
1195,-0.8887983,DA112C:HA119A,4.82
1196,-0.87822056,DA112R:HA119Y,4.82
1197,-0.8745774,DA112R:HA119F,4.82
1198,-0.8628799,DA112L:HA119R,4.82
1199,-0.8594018,DA112E:HA119C,4.82
1200,-0.85879135,DA112K:HA119C,4.82
1201,-0.8500645,DA112T:HA119M,4.82
1202,-0.84477115,DA112R:HA119C,4.82
1203,-0.8314105,DA112W:HA119A,4.82
1204,-0.8274677,DA112C:HA119R,4.82
1205,-0.8239,DA112E:HA119M,4.82
1206,-0.8191835,DA112K:HA119M,4.82
1207,-0.81788105,DA112W:HA119Q,4.82
1208,-0.8079195,DA112W:HA119T,4.82
1209,-0.7936622,DA112R:HA119M,4.82
1210,-0.7867197,DA112H:HA119I,4.82
1211,-0.786181,DA112L:HA119K,4.82
1212,-0.7804923,DA112F:HA119A,4.82
1213,-0.7760626,DA112F:HA119Q,4.82
1214,-0.7677537,DA112S:HA119L,4.82
1215,-0.7660432,DA112M:HA119A,4.82
1216,-0.7640705,DA112I:HA119A,4.82
1217,-0.761079,DA112F:HA119T,4.82
1218,-0.7578068,DA112I:HA119T,4.82
1219,-0.75617737,DA112C:HA119K,4.82
1220,-0.75470793,DA112I:HA119Q,4.82
1221,-0.75378513,DA112Q:HA119I,4.82
1222,-0.75211614,DA112M:HA119Q,4.82
1223,-0.7484175,DA112W:HA119R,4.82
1224,-0.7435281,DA112M:HA119T,4.82
1225,-0.7363278,DA112S:HA119W,4.82
1226,-0.73530465,DA112Y:HA119Q,4.82
1227,-0.7321589,DA112Y:HA119A,4.82
1228,-0.7282829,DA112S:HA119Y,4.82
1229,-0.72097075,DA112A:HA119I,4.82
1230,-0.7163635,DA112S:HA119F,4.82
1231,-0.7125852,DA112Y:HA119T,4.82
1232,-0.6913353,DA112F:HA119R,4.82
1233,-0.69038177,DA112L:HA119S,4.82
1234,-0.6892539,DA112S:HA119C,4.82
1235,-0.6804292,DA112I:HA119R,4.82
1236,-0.6796031,DA112L:HA119N,4.82
1237,-0.6779023,DA112W:HA119K,4.82
1238,-0.67235357,DA112M:HA119R,4.82
1239,-0.65584457,DA112N:HA119L,4.82
1240,-0.6526935,DA112L:HA119E,4.82
1241,-0.64740694,DA112Y:HA119R,4.82
1242,-0.64429975,DA112C:HA119S,4.82
1243,-0.6434467,DA112T:HA119I,4.82
1244,-0.64245117,DA112C:HA119N,4.82
1245,-0.62988603,DA112H:HA119V,4.82
1246,-0.6290247,DA112N:HA119W,4.82
1247,-0.6205667,DA112N:HA119Y,4.82
1248,-0.6170714,DA112S:HA119M,4.82
1249,-0.6170289,DA112K:HA119I,4.82
1250,-0.6147815,DA112L:HA119G,4.82
1251,-0.6124364,DA112N:HA119F,4.82
1252,-0.61110663,DA112E:HA119I,4.82
1253,-0.6105715,DA112F:HA119K,4.82
1254,-0.6045987,DA112I:HA119K,4.82
1255,-0.5966918,DA112R:HA119I,4.82
1256,-0.59500813,DA112V:HA119Q,4.82
1257,-0.59485114,DA112C:HA119E,4.82
1258,-0.5930427,DA112Q:HA119V,4.82
1259,-0.5922104,DA112N:HA119C,4.82
1260,-0.59186995,DA112V:HA119A,4.82
1261,-0.59141576,DA112M:HA119K,4.82
1262,-0.57325315,DA112C:HA119G,4.82
1263,-0.5684655,DA112Y:HA119K,4.82
1264,-0.5669696,DA112W:HA119N,4.82
1265,-0.5667827,DA112V:HA119T,4.82
1266,-0.5635757,DA112A:HA119V,4.82
1267,-0.5573643,DA112W:HA119S,4.82
1268,-0.52361333,DA112V:HA119R,4.82
1269,-0.5232602,DA112W:HA119E,4.82
1270,-0.5095414,DA112W:HA119G,4.82
1271,-1.0457643,RA114P:NA115C,3.81
1272,-0.9022319,RA114V:NA115C,3.81
1273,-0.86312735,RA114I:NA115C,3.81
1274,-0.8608892,RA114C:NA115C,3.81
1275,-0.7986335,RA114A:NA115C,3.81
1276,-0.72349465,RA114P:NA115L,3.81
1277,-0.71313155,RA114P:NA115I,3.81
1278,-0.6737574,RA114H:NA115C,3.81
1279,-0.6664172,RA114L:NA115C,3.81
1280,-0.6585201,RA114P:NA115F,3.81
1281,-0.63844156,RA114P:NA115H,3.81
1282,-0.63330054,RA114P:NA115T,3.81
1283,-0.5988671,RA114E:NA115C,3.81
1284,-0.593285,RA114P:NA115M,3.81
1285,-0.5625481,RA114P:NA115W,3.81
1286,-0.5588119,RA114G:NA115C,3.81
1287,-0.55664676,RA114W:NA115C,3.81
1288,-0.544796,RA114N:NA115C,3.81
1289,-0.5422645,RA114P:NA115Q,3.81
1290,-0.5412607,RA114F:NA115C,3.81
1291,-0.5268189,RA114Y:NA115C,3.81
1292,-0.52284634,RA114P:NA115V,3.81
1293,-0.5215724,RA114P:NA115K,3.81
1294,-0.50701296,RA114V:NA115I,3.81
1295,-0.5047935,RA114T:NA115C,3.81
1296,-0.50360346,RA114P:NA115E,3.81
1297,-1.5505755,FA117C:RA118W,3.83
1298,-1.5472603,FA117M:RA118W,3.83
1299,-1.5024116,FA117C:RA118F,3.83
1300,-1.4944065,FA117M:RA118F,3.83
1301,-1.492341,FA117L:RA118W,3.83
1302,-1.4919059,FA117M:RA118Y,3.83
1303,-1.4891266,FA117C:RA118Y,3.83
1304,-1.4620124,FA117G:RA118W,3.83
1305,-1.4474678,FA117R:RA118W,3.83
1306,-1.443877,FA117A:RA118W,3.83
1307,-1.4379495,FA117L:RA118Y,3.83
1308,-1.4372195,FA117L:RA118F,3.83
1309,-1.4057657,FA117G:RA118F,3.83
1310,-1.3997003,FA117G:RA118Y,3.83
1311,-1.3873146,FA117R:RA118F,3.83
1312,-1.3857276,FA117H:RA118W,3.83
1313,-1.3855058,FA117R:RA118Y,3.83
1314,-1.3794581,FA117A:RA118F,3.83
1315,-1.3746679,FA117A:RA118Y,3.83
1316,-1.3443837,FA117Y:RA118W,3.83
1317,-1.3276892,FA117H:RA118F,3.83
1318,-1.3209771,FA117H:RA118Y,3.83
1319,-1.3015312,FA117Q:RA118W,3.83
1320,-1.2871847,FA117C:RA118M,3.83
1321,-1.2850133,FA117Y:RA118F,3.83
1322,-1.2828375,FA117Y:RA118Y,3.83
1323,-1.274848,FA117S:RA118W,3.83
1324,-1.2667454,FA117N:RA118W,3.83
1325,-1.2551513,FA117M:RA118M,3.83
1326,-1.2549043,FA117W:RA118W,3.83
1327,-1.2501338,FA117K:RA118W,3.83
1328,-1.2367395,FA117Q:RA118F,3.83
1329,-1.2293949,FA117Q:RA118Y,3.83
1330,-1.2204938,FA117C:RA118L,3.83
1331,-1.2092698,FA117S:RA118F,3.83
1332,-1.2056918,FA117N:RA118F,3.83
1333,-1.1966772,FA117N:RA118Y,3.83
1334,-1.1959395,FA117S:RA118Y,3.83
1335,-1.1958419,FA117W:RA118F,3.83
1336,-1.1940179,FA117M:RA118L,3.83
1337,-1.191859,FA117K:RA118F,3.83
1338,-1.1912737,FA117G:RA118M,3.83
1339,-1.186418,FA117W:RA118Y,3.83
1340,-1.1837586,FA117K:RA118Y,3.83
1341,-1.1674938,FA117L:RA118M,3.83
1342,-1.1254898,FA117G:RA118L,3.83
1343,-1.1192852,FA117L:RA118L,3.83
1344,-1.1190792,FA117R:RA118M,3.83
1345,-1.1189998,FA117C:RA118I,3.83
1346,-1.0998499,FA117I:RA118W,3.83
1347,-1.0994787,FA117T:RA118W,3.83
1348,-1.0912725,FA117V:RA118W,3.83
1349,-1.0768251,FA117C:RA118C,3.83
1350,-1.0716586,FA117A:RA118M,3.83
1351,-1.0715394,FA117R:RA118L,3.83
1352,-1.0491569,FA117H:RA118M,3.83
1353,-1.035773,FA117M:RA118I,3.83
1354,-1.0292836,FA117A:RA118L,3.83
1355,-1.0249958,FA117T:RA118F,3.83
1356,-1.019748,FA117I:RA118F,3.83
1357,-1.0091516,FA117H:RA118L,3.83
1358,-1.005696,FA117I:RA118Y,3.83
1359,-1.0053184,FA117V:RA118F,3.83
1360,-1.0053091,FA117G:RA118I,3.83
1361,-1.0046836,FA117T:RA118Y,3.83
1362,-0.9980561,FA117M:RA118C,3.83
1363,-0.9948753,FA117Y:RA118M,3.83
1364,-0.9945879,FA117V:RA118Y,3.83
1365,-0.9565768,FA117L:RA118I,3.83
1366,-0.9484757,FA117Y:RA118L,3.83
1367,-0.94105935,FA117Q:RA118M,3.83
1368,-0.93999463,FA117G:RA118C,3.83
1369,-0.91072625,FA117L:RA118C,3.83
1370,-0.9035014,FA117Q:RA118L,3.83
1371,-0.90286684,FA117C:RA118V,3.83
1372,-0.90198034,FA117W:RA118M,3.83
1373,-0.90012836,FA117K:RA118M,3.83
1374,-0.8991399,FA117R:RA118I,3.83
1375,-0.8888671,FA117N:RA118M,3.83
1376,-0.87618554,FA117S:RA118M,3.83
1377,-0.8619615,FA117N:RA118L,3.83
1378,-0.85716,FA117W:RA118L,3.83
1379,-0.8547677,FA117A:RA118I,3.83
1380,-0.84915686,FA117K:RA118L,3.83
1381,-0.8467488,FA117R:RA118C,3.83
1382,-0.8464046,FA117S:RA118L,3.83
1383,-0.84525,FA117H:RA118I,3.83
1384,-0.83046925,FA117C:RA118H,3.83
1385,-0.7946457,FA117H:RA118C,3.83
1386,-0.7860189,FA117A:RA118C,3.83
1387,-0.7713633,FA117Y:RA118I,3.83
1388,-0.7684941,FA117M:RA118V,3.83
1389,-0.7623548,FA117G:RA118V,3.83
1390,-0.7441846,FA117Y:RA118C,3.83
1391,-0.71684635,FA117Q:RA118I,3.83
1392,-0.70180845,FA117M:RA118H,3.83
1393,-0.70158875,FA117G:RA118H,3.83
1394,-0.6868998,FA117W:RA118I,3.83
1395,-0.6825361,FA117L:RA118V,3.83
1396,-0.6796408,FA117N:RA118I,3.83
1397,-0.67366636,FA117K:RA118I,3.83
1398,-0.66493505,FA117W:RA118C,3.83
1399,-0.6616513,FA117Q:RA118C,3.83
1400,-0.65316176,FA117S:RA118I,3.83
1401,-0.63815093,FA117C:RA118A,3.83
1402,-0.62569565,FA117K:RA118C,3.83
1403,-0.62544394,FA117R:RA118V,3.83
1404,-0.62477064,FA117T:RA118M,3.83
1405,-0.6171197,FA117T:RA118L,3.83
1406,-0.6167989,FA117N:RA118C,3.83
1407,-0.6130165,FA117I:RA118L,3.83
1408,-0.6114036,FA117I:RA118M,3.83
1409,-0.6098086,FA117L:RA118H,3.83
1410,-0.60529816,FA117V:RA118L,3.83
1411,-0.5977335,FA117S:RA118C,3.83
1412,-0.59412205,FA117V:RA118M,3.83
1413,-0.55612385,FA117E:RA118W,3.83
1414,-0.55403507,FA117H:RA118V,3.83
1415,-0.54746675,FA117A:RA118V,3.83
1416,-0.5456882,FA117R:RA118H,3.83
1417,-1.9170958,RA118W:HA119F,3.83
1418,-1.8935524,RA118W:HA119Y,3.83
1419,-1.8873227,RA118F:HA119F,3.83
1420,-1.8823947,RA118Y:HA119F,3.83
1421,-1.8628719,RA118F:HA119Y,3.83
1422,-1.8594234,RA118Y:HA119Y,3.83
1423,-1.853872,RA118W:HA119L,3.83
1424,-1.8264837,RA118W:HA119W,3.83
1425,-1.8245423,RA118F:HA119L,3.83
1426,-1.8187556,RA118Y:HA119L,3.83
1427,-1.7920943,RA118F:HA119W,3.83
1428,-1.7898669,RA118Y:HA119W,3.83
1429,-1.7677135,RA118W:HA119C,3.83
1430,-1.7514575,RA118W:HA119M,3.83
1431,-1.7404704,RA118F:HA119C,3.83
1432,-1.7264867,RA118Y:HA119C,3.83
1433,-1.7237719,RA118F:HA119M,3.83
1434,-1.7125065,RA118Y:HA119M,3.83
1435,-1.6101906,RA118W:HA119I,3.83
1436,-1.585573,RA118F:HA119I,3.83
1437,-1.5744488,RA118Y:HA119I,3.83
1438,-1.52946,RA118M:HA119F,3.83
1439,-1.5041472,RA118M:HA119Y,3.83
1440,-1.4773353,RA118L:HA119F,3.83
1441,-1.4667152,RA118M:HA119L,3.83
1442,-1.4616776,RA118C:HA119F,3.83
1443,-1.44364,RA118M:HA119W,3.83
1444,-1.4422696,RA118L:HA119Y,3.83
1445,-1.4393991,RA118C:HA119Y,3.83
1446,-1.4287214,RA118W:HA119V,3.83
1447,-1.4080551,RA118F:HA119V,3.83
1448,-1.408035,RA118L:HA119L,3.83
1449,-1.4024203,RA118H:HA119F,3.83
1450,-1.3973972,RA118C:HA119L,3.83
1451,-1.3909581,RA118M:HA119C,3.83
1452,-1.3863683,RA118Y:HA119V,3.83
1453,-1.3845755,RA118L:HA119W,3.83
1454,-1.3820587,RA118C:HA119W,3.83
1455,-1.377651,RA118H:HA119Y,3.83
1456,-1.3492098,RA118C:HA119C,3.83
1457,-1.346518,RA118M:HA119M,3.83
1458,-1.3372536,RA118L:HA119C,3.83
1459,-1.3354053,RA118H:HA119L,3.83
1460,-1.3308892,RA118H:HA119W,3.83
1461,-1.2971123,RA118L:HA119M,3.83
1462,-1.286092,RA118C:HA119M,3.83
1463,-1.279399,RA118H:HA119C,3.83
1464,-1.2641284,RA118A:HA119F,3.83
1465,-1.2392333,RA118W:HA119A,3.83
1466,-1.2211568,RA118A:HA119Y,3.83
1467,-1.2185489,RA118H:HA119M,3.83
1468,-1.2141005,RA118Q:HA119F,3.83
1469,-1.2036502,RA118F:HA119A,3.83
1470,-1.2002962,RA118M:HA119I,3.83
1471,-1.189399,RA118A:HA119L,3.83
1472,-1.1818938,RA118Y:HA119A,3.83
1473,-1.1802042,RA118A:HA119W,3.83
1474,-1.1537528,RA118Q:HA119Y,3.83
1475,-1.1504023,RA118W:HA119Q,3.83
1476,-1.1377338,RA118C:HA119I,3.83
1477,-1.1323618,RA118L:HA119I,3.83
1478,-1.1306382,RA118Q:HA119L,3.83
1479,-1.1275771,RA118I:HA119F,3.83
1480,-1.1254375,RA118Q:HA119W,3.83
1481,-1.1216385,RA118A:HA119C,3.83
1482,-1.1114873,RA118F:HA119Q,3.83
1483,-1.1025333,RA118W:HA119G,3.83
1484,-1.0870765,RA118Q:HA119C,3.83
1485,-1.0833619,RA118W:HA119T,3.83
1486,-1.082972,RA118Y:HA119Q,3.83
1487,-1.0773104,RA118W:HA119R,3.83
1488,-1.0677565,RA118I:HA119Y,3.83
1489,-1.0677204,RA118F:HA119G,3.83
1490,-1.0676844,RA118H:HA119I,3.83
1491,-1.0673578,RA118W:HA119N,3.83
1492,-1.0479035,RA118F:HA119T,3.83
1493,-1.0445396,RA118F:HA119R,3.83
1494,-1.0408581,RA118Y:HA119G,3.83
1495,-1.0352411,RA118I:HA119L,3.83
1496,-1.0339849,RA118A:HA119M,3.83
1497,-1.033097,RA118I:HA119W,3.83
1498,-1.0283239,RA118F:HA119N,3.83
1499,-1.021863,RA118N:HA119F,3.83
1500,-1.0116384,RA118Y:HA119R,3.83
1501,-1.0057522,RA118Y:HA119T,3.83
1502,-1.0051754,RA118I:HA119C,3.83
1503,-1.000375,RA118Y:HA119N,3.83
1504,-0.9979807,RA118K:HA119F,3.83
1505,-0.98811805,RA118V:HA119F,3.83
1506,-0.9593436,RA118M:HA119V,3.83
1507,-0.95766675,RA118N:HA119Y,3.83
1508,-0.9407316,RA118N:HA119W,3.83
1509,-0.9399646,RA118Q:HA119M,3.83
1510,-0.9300206,RA118N:HA119L,3.83
1511,-0.92125773,RA118K:HA119Y,3.83
1512,-0.91599923,RA118C:HA119V,3.83
1513,-0.9158669,RA118V:HA119Y,3.83
1514,-0.9139619,RA118W:HA119S,3.83
1515,-0.90492064,RA118K:HA119L,3.83
1516,-0.90015703,RA118K:HA119W,3.83
1517,-0.8986125,RA118L:HA119V,3.83
1518,-0.89652514,RA118V:HA119W,3.83
1519,-0.89438725,RA118N:HA119C,3.83
1520,-0.8930545,RA118A:HA119I,3.83
1521,-0.88832986,RA118V:HA119L,3.83
1522,-0.8766712,RA118W:HA119K,3.83
1523,-0.8742145,RA118F:HA119S,3.83
1524,-0.87206,RA118S:HA119F,3.83
1525,-0.8679817,RA118V:HA119C,3.83
1526,-0.8662358,RA118I:HA119M,3.83
1527,-0.8660708,RA118K:HA119C,3.83
1528,-0.84097135,RA118F:HA119K,3.83
1529,-0.8135128,RA118Y:HA119S,3.83
1530,-0.81102633,RA118H:HA119V,3.83
1531,-0.8020779,RA118W:HA119E,3.83
1532,-0.794678,RA118Y:HA119K,3.83
1533,-0.792745,RA118Q:HA119I,3.83
1534,-0.77020645,RA118S:HA119W,3.83
1535,-0.7701325,RA118F:HA119E,3.83
1536,-0.76827836,RA118S:HA119Y,3.83
1537,-0.7592778,RA118S:HA119L,3.83
1538,-0.7358485,RA118N:HA119M,3.83
1539,-0.7356397,RA118W:HA119D,3.83
1540,-0.7272312,RA118S:HA119C,3.83
1541,-0.7214461,RA118Y:HA119E,3.83
1542,-0.70946574,RA118E:HA119F,3.83
1543,-0.70621717,RA118T:HA119F,3.83
1544,-0.7016494,RA118K:HA119M,3.83
1545,-0.69793826,RA118I:HA119I,3.83
1546,-0.69244194,RA118F:HA119D,3.83
1547,-0.6822194,RA118V:HA119M,3.83
1548,-0.6482841,RA118M:HA119A,3.83
1549,-0.647889,RA118G:HA119F,3.83
1550,-0.6351432,RA118Y:HA119D,3.83
1551,-0.6316284,RA118C:HA119A,3.83
1552,-0.60458636,RA118E:HA119W,3.83
1553,-0.60190547,RA118E:HA119Y,3.83
1554,-0.60108554,RA118L:HA119A,3.83
1555,-0.6002166,RA118T:HA119W,3.83
1556,-0.5963548,RA118N:HA119I,3.83
1557,-0.59273136,RA118W:HA119P,3.83
1558,-0.58820516,RA118E:HA119C,3.83
1559,-0.585778,RA118E:HA119L,3.83
1560,-0.58381903,RA118T:HA119Y,3.83
1561,-0.5809654,RA118D:HA119F,3.83
1562,-0.57869756,RA118A:HA119V,3.83
1563,-0.5745196,RA118T:HA119L,3.83
1564,-0.5582763,RA118G:HA119W,3.83
1565,-0.5546247,RA118T:HA119C,3.83
1566,-0.5527313,RA118G:HA119L,3.83
1567,-0.55207145,RA118G:HA119Y,3.83
1568,-0.5333505,RA118G:HA119C,3.83
1569,-0.5315559,RA118K:HA119I,3.83
1570,-0.52833223,RA118M:HA119G,3.83
1571,-0.5276882,RA118V:HA119I,3.83
1572,-0.52272224,RA118F:HA119P,3.83
1573,-0.51383525,RA118C:HA119G,3.83
1574,-1.2239442,HA119L:SA120C,3.79
1575,-1.1547633,HA119Y:SA120C,3.79
1576,-1.1539073,HA119F:SA120C,3.79
1577,-1.1222811,HA119L:SA120V,3.79
1578,-1.0999432,HA119L:SA120I,3.79
1579,-1.0805677,HA119W:SA120C,3.79
1580,-1.0757148,HA119C:SA120C,3.79
1581,-1.0547782,HA119F:SA120V,3.79
1582,-1.0487486,HA119Y:SA120V,3.79
1583,-1.0280309,HA119M:SA120C,3.79
1584,-1.0236183,HA119F:SA120I,3.79
1585,-1.0140123,HA119Y:SA120I,3.79
1586,-1.0000412,HA119L:SA120Y,3.79
1587,-0.9411342,HA119W:SA120V,3.79
1588,-0.9383637,HA119C:SA120V,3.79
1589,-0.9277631,HA119L:SA120L,3.79
1590,-0.92434514,HA119L:SA120F,3.79
1591,-0.92147416,HA119C:SA120I,3.79
1592,-0.9200551,HA119W:SA120I,3.79
1593,-0.91824365,HA119Y:SA120Y,3.79
1594,-0.9181894,HA119F:SA120Y,3.79
1595,-0.8954088,HA119M:SA120V,3.79
1596,-0.8664037,HA119M:SA120I,3.79
1597,-0.834431,HA119F:SA120L,3.79
1598,-0.83029824,HA119F:SA120F,3.79
1599,-0.82425153,HA119Y:SA120F,3.79
1600,-0.81710297,HA119Y:SA120L,3.79
1601,-0.8166271,HA119W:SA120Y,3.79
1602,-0.81484765,HA119L:SA120A,3.79
1603,-0.8027728,HA119C:SA120Y,3.79
1604,-0.7971697,HA119L:SA120T,3.79
1605,-0.7830874,HA119L:SA120M,3.79
1606,-0.7749827,HA119L:SA120W,3.79
1607,-0.7724301,HA119I:SA120C,3.79
1608,-0.7471915,HA119C:SA120L,3.79
1609,-0.74449646,HA119C:SA120F,3.79
1610,-0.7397412,HA119W:SA120F,3.79
1611,-0.7262043,HA119W:SA120L,3.79
1612,-0.7248287,HA119M:SA120Y,3.79
1613,-0.7029318,HA119Y:SA120A,3.79
1614,-0.7018472,HA119F:SA120A,3.79
1615,-0.7004207,HA119F:SA120T,3.79
1616,-0.6949903,HA119Y:SA120T,3.79
1617,-0.68591833,HA119F:SA120M,3.79
1618,-0.6799449,HA119F:SA120W,3.79
1619,-0.6796026,HA119Y:SA120W,3.79
1620,-0.66642714,HA119Y:SA120M,3.79
1621,-0.6396115,HA119M:SA120F,3.79
1622,-0.6384288,HA119M:SA120L,3.79
1623,-0.6104553,HA119W:SA120W,3.79
1624,-0.6086027,HA119C:SA120W,3.79
1625,-0.6047497,HA119C:SA120T,3.79
1626,-0.600919,HA119I:SA120V,3.79
1627,-0.5910945,HA119C:SA120M,3.79
1628,-0.58964425,HA119W:SA120A,3.79
1629,-0.5884846,HA119C:SA120A,3.79
1630,-0.5852349,HA119W:SA120M,3.79
1631,-0.58489555,HA119W:SA120T,3.79
1632,-0.5632382,HA119I:SA120I,3.79
1633,-0.5060487,HA119M:SA120T,3.79
1634,-0.5040005,HA119M:SA120A,3.79
1635,-0.78641677,EA126C:PA127C,3.83
1636,-0.7414694,EA126I:PA127C,3.83
1637,-0.575292,EA126A:PA127C,3.83
1638,-0.57098174,EA126V:PA127C,3.83
1639,-0.5369157,EA126Q:PA127C,3.83
1640,-0.50163305,EA129G:VA130H,3.79
1641,-0.5275049,SA132C:DA133C,3.82
1642,-0.51661587,TA135C:TA136W,3.79
1643,-0.5039367,TA135C:TA136I,3.79
1644,-1.1820238,HA138W:YA139L,3.79
1645,-1.167217,HA138F:YA139L,3.79
1646,-1.1662636,HA138C:YA139L,3.79
1647,-1.1519455,HA138Y:YA139L,3.79
1648,-1.0068438,HA138L:YA139L,3.79
1649,-0.94132435,HA138C:YA139I,3.79
1650,-0.93683237,HA138M:YA139L,3.79
1651,-0.9226986,HA138W:YA139I,3.79
1652,-0.8833261,HA138F:YA139I,3.79
1653,-0.8635042,HA138Y:YA139I,3.79
1654,-0.86243016,HA138C:YA139F,3.79
1655,-0.8440559,HA138W:YA139F,3.79
1656,-0.78482866,HA138F:YA139F,3.79
1657,-0.7707077,HA138Y:YA139F,3.79
1658,-0.7588297,HA138I:YA139L,3.79
1659,-0.7195544,HA138R:YA139L,3.79
1660,-0.7093426,HA138L:YA139I,3.79
1661,-0.6958593,HA138C:YA139M,3.79
1662,-0.6832068,HA138V:YA139L,3.79
1663,-0.6706119,HA138W:YA139M,3.79
1664,-0.6490043,HA138Q:YA139L,3.79
1665,-0.6147283,HA138M:YA139I,3.79
1666,-0.6102424,HA138F:YA139M,3.79
1667,-0.60509396,HA138L:YA139F,3.79
1668,-0.58745825,HA138Y:YA139M,3.79
1669,-0.5380481,HA138N:YA139L,3.79
1670,-1.8224208,YA139L:NA140I,3.82
1671,-1.7998621,YA139L:NA140V,3.82
1672,-1.7981917,YA139L:NA140L,3.82
1673,-1.7543397,YA139L:NA140C,3.82
1674,-1.6201094,YA139L:NA140M,3.82
1675,-1.6116203,YA139L:NA140T,3.82
1676,-1.6017008,YA139I:NA140I,3.82
1677,-1.579315,YA139F:NA140I,3.82
1678,-1.563595,YA139I:NA140V,3.82
1679,-1.5617652,YA139I:NA140L,3.82
1680,-1.5457836,YA139F:NA140V,3.82
1681,-1.5395548,YA139I:NA140C,3.82
1682,-1.5371875,YA139F:NA140L,3.82
1683,-1.5361152,YA139F:NA140C,3.82
1684,-1.5264323,YA139L:NA140A,3.82
1685,-1.4885085,YA139M:NA140I,3.82
1686,-1.4521588,YA139M:NA140V,3.82
1687,-1.4381342,YA139M:NA140L,3.82
1688,-1.4351177,YA139M:NA140C,3.82
1689,-1.3923731,YA139L:NA140R,3.82
1690,-1.3459694,YA139I:NA140M,3.82
1691,-1.3284824,YA139L:NA140S,3.82
1692,-1.3269739,YA139I:NA140T,3.82
1693,-1.326639,YA139F:NA140M,3.82
1694,-1.3034257,YA139F:NA140T,3.82
1695,-1.2916213,YA139V:NA140I,3.82
1696,-1.2677078,YA139L:NA140F,3.82
1697,-1.2459679,YA139V:NA140V,3.82
1698,-1.2444843,YA139L:NA140K,3.82
1699,-1.2277799,YA139V:NA140C,3.82
1700,-1.2259052,YA139M:NA140M,3.82
1701,-1.2250946,YA139I:NA140A,3.82
1702,-1.2165649,YA139V:NA140L,3.82
1703,-1.2063172,YA139F:NA140A,3.82
1704,-1.1918004,YA139L:NA140Q,3.82
1705,-1.1902673,YA139M:NA140T,3.82
1706,-1.170116,YA139L:NA140Y,3.82
1707,-1.1262966,YA139C:NA140I,3.82
1708,-1.1239572,YA139C:NA140C,3.82
1709,-1.0909696,YA139M:NA140A,3.82
1710,-1.0712476,YA139C:NA140V,3.82
1711,-1.0647076,YA139I:NA140R,3.82
1712,-1.0469055,YA139C:NA140L,3.82
1713,-1.0355268,YA139F:NA140R,3.82
1714,-1.0313969,YA139W:NA140I,3.82
1715,-1.0097919,YA139L:NA140H,3.82
1716,-1.0085802,YA139W:NA140C,3.82
1717,-0.98426,YA139L:NA140W,3.82
1718,-0.9821253,YA139W:NA140V,3.82
1719,-0.9582235,YA139I:NA140S,3.82
1720,-0.95416033,YA139V:NA140M,3.82
1721,-0.9426647,YA139I:NA140F,3.82
1722,-0.93764627,YA139F:NA140S,3.82
1723,-0.93616414,YA139W:NA140L,3.82
1724,-0.9115044,YA139V:NA140T,3.82
1725,-0.9088812,YA139M:NA140R,3.82
1726,-0.90626526,YA139F:NA140F,3.82
1727,-0.87175655,YA139I:NA140K,3.82
1728,-0.8433355,YA139F:NA140K,3.82
1729,-0.8199351,YA139C:NA140M,3.82
1730,-0.8137637,YA139V:NA140A,3.82
1731,-0.80675995,YA139M:NA140F,3.82
1732,-0.8064778,YA139I:NA140Y,3.82
1733,-0.8051604,YA139M:NA140S,3.82
1734,-0.8043697,YA139I:NA140Q,3.82
1735,-0.7763541,YA139F:NA140Y,3.82
1736,-0.7752125,YA139F:NA140Q,3.82
1737,-0.7541689,YA139C:NA140T,3.82
1738,-0.7094902,YA139M:NA140K,3.82
1739,-0.6819579,YA139W:NA140M,3.82
1740,-0.6662516,YA139M:NA140Y,3.82
1741,-0.652324,YA139C:NA140A,3.82
1742,-0.6479294,YA139M:NA140Q,3.82
1743,-0.6268926,YA139V:NA140R,3.82
1744,-0.62230635,YA139I:NA140W,3.82
1745,-0.5987275,YA139W:NA140T,3.82
1746,-0.5968441,YA139I:NA140H,3.82
1747,-0.59527624,YA139F:NA140W,3.82
1748,-0.57501864,YA139F:NA140H,3.82
1749,-0.5225124,YA139V:NA140F,3.82
1750,-0.50648546,YA139M:NA140W,3.82
1751,-1.1335461,NA140I:YA141W,3.82
1752,-1.0875335,NA140I:YA141F,3.82
1753,-1.015655,NA140C:YA141W,3.82
1754,-0.9738963,NA140V:YA141W,3.82
1755,-0.9456301,NA140C:YA141F,3.82
1756,-0.91710466,NA140V:YA141F,3.82
1757,-0.8958931,NA140L:YA141W,3.82
1758,-0.8251715,NA140L:YA141F,3.82
1759,-0.792499,NA140M:YA141W,3.82
1760,-0.6948817,NA140M:YA141F,3.82
1761,-0.5946678,NA140T:YA141W,3.82
1762,-0.5110549,NA140T:YA141F,3.82
1763,-0.87226534,NA144F:SA145T,3.79
1764,-0.8617182,NA144F:SA145C,3.79
1765,-0.7810839,NA144Y:SA145T,3.79
1766,-0.7518327,NA144Y:SA145C,3.79
1767,-0.706418,NA144C:SA145C,3.79
1768,-0.69147223,NA144C:SA145T,3.79
1769,-0.63926244,NA144W:SA145T,3.79
1770,-0.63646686,NA144W:SA145C,3.79
1771,-0.5936448,NA144L:SA145T,3.79
1772,-0.5871382,NA144F:SA145D,3.79
1773,-0.57694066,NA144L:SA145C,3.79
1774,-0.52209496,NA144I:SA145T,3.79
1775,-0.5186595,NA144F:SA145L,3.79
1776,-0.51093405,NA144I:SA145C,3.79
1777,-0.6225762,NA144F:VA179I,4.77
1778,-0.6302757,NA152C:RA153G,3.8
1779,-0.60270095,NA152C:RA153C,3.8
1780,-0.5378361,NA152D:RA153G,3.8
1781,-0.53292155,RA154W:PA155C,3.85
1782,-2.0915375,LA157I:TA158I,3.78
1783,-1.9675815,LA157M:TA158I,3.78
1784,-1.963517,LA157I:TA158L,3.78
1785,-1.7973973,LA157M:TA158L,3.78
1786,-1.7907069,LA157I:TA158V,3.78
1787,-1.7423774,LA157V:TA158I,3.78
1788,-1.6262903,LA157M:TA158V,3.78
1789,-1.622782,LA157C:TA158I,3.78
1790,-1.5701303,LA157I:TA158M,3.78
1791,-1.5587125,LA157I:TA158F,3.78
1792,-1.5455165,LA157V:TA158L,3.78
1793,-1.49101,LA157I:TA158C,3.78
1794,-1.4344947,LA157C:TA158L,3.78
1795,-1.3807836,LA157V:TA158V,3.78
1796,-1.3740963,LA157M:TA158M,3.78
1797,-1.3594418,LA157F:TA158I,3.78
1798,-1.343617,LA157M:TA158F,3.78
1799,-1.3039463,LA157M:TA158C,3.78
1800,-1.2560031,LA157C:TA158V,3.78
1801,-1.1557357,LA157Y:TA158I,3.78
1802,-1.1093564,LA157F:TA158L,3.78
1803,-1.0998642,LA157V:TA158M,3.78
1804,-1.0918022,LA157I:TA158W,3.78
1805,-1.0674028,LA157I:TA158Y,3.78
1806,-1.0651103,LA157V:TA158F,3.78
1807,-1.06461,LA157W:TA158I,3.78
1808,-1.032411,LA157V:TA158C,3.78
1809,-1.0031726,LA157C:TA158M,3.78
1810,-0.99609935,LA157C:TA158F,3.78
1811,-0.97391355,LA157C:TA158C,3.78
1812,-0.9187307,LA157F:TA158V,3.78
1813,-0.8915812,LA157Y:TA158L,3.78
1814,-0.85925865,LA157M:TA158W,3.78
1815,-0.813449,LA157M:TA158Y,3.78
1816,-0.8097238,LA157W:TA158L,3.78
1817,-0.79952157,LA157R:TA158I,3.78
1818,-0.79449916,LA157T:TA158I,3.78
1819,-0.7632986,LA157A:TA158I,3.78
1820,-0.7048298,LA157Y:TA158V,3.78
1821,-0.6904844,LA157K:TA158I,3.78
1822,-0.6150843,LA157W:TA158V,3.78
1823,-0.58737457,LA157F:TA158C,3.78
1824,-0.58732164,LA157F:TA158M,3.78
1825,-0.5477217,LA157Q:TA158I,3.78
1826,-0.5459428,LA157F:TA158F,3.78
1827,-0.5445676,LA157V:TA158W,3.78
1828,-0.52957,LA157R:TA158L,3.78
1829,-0.5100257,LA157V:TA158Y,3.78
1830,-0.50846183,LA157C:TA158W,3.78
1831,-1.3756493,TA158I:IA159L,3.8
1832,-1.3451102,TA158I:IA159V,3.8
1833,-1.2433223,TA158L:IA159L,3.8
1834,-1.2100549,TA158L:IA159V,3.8
1835,-1.0349871,TA158V:IA159L,3.8
1836,-1.0103607,TA158V:IA159V,3.8
1837,-0.89741254,TA158M:IA159L,3.8
1838,-0.8808516,TA158M:IA159V,3.8
1839,-0.86700165,TA158I:IA159M,3.8
1840,-0.7779826,TA158C:IA159L,3.8
1841,-0.7561178,TA158F:IA159L,3.8
1842,-0.75584924,TA158C:IA159V,3.8
1843,-0.7499599,TA158F:IA159V,3.8
1844,-0.6828103,TA158L:IA159M,3.8
1845,-0.5346991,IA159V:SA174C,4.36
1846,-0.8977519,TA161I:LA162I,3.78
1847,-0.7799562,TA161L:LA162I,3.78
1848,-0.5519158,TA161M:LA162I,3.78
1849,-0.81106085,TA161L:RA172L,4.46
1850,-0.7139327,TA161L:RA172I,4.46
1851,-0.6957967,TA161L:RA172M,4.46
1852,-0.6816838,TA161I:RA172L,4.46
1853,-0.6148054,TA161M:RA172L,4.46
1854,-0.5790601,TA161I:RA172I,4.46
1855,-0.5636449,TA161I:RA172M,4.46
1856,-0.5404402,TA161C:RA172L,4.46
1857,-0.5352647,TA161L:RA172V,4.46
1858,-0.51212263,TA161M:RA172I,4.46
1859,-0.5062431,TA161M:RA172M,4.46
1860,-0.7168222,LA162I:EA163I,3.81
1861,-0.7866867,EA163I:DA164C,3.8
1862,-0.7637377,EA163L:DA164C,3.8
1863,-0.6533105,EA163I:DA164N,3.8
1864,-0.62565637,EA163L:DA164N,3.8
1865,-0.5758972,EA163V:DA164C,3.8
1866,-0.5648438,EA163M:DA164C,3.8
1867,-0.5159117,EA163I:DA164S,3.8
1868,-0.61313474,SA165C:SA166C,3.82
1869,-0.88728076,RA172L:NA173C,3.79
1870,-0.7988317,RA172M:NA173C,3.79
1871,-0.7804655,RA172I:NA173C,3.79
1872,-0.6492173,RA172L:NA173H,3.79
1873,-0.5540317,RA172L:NA173D,3.79
1874,-0.55113536,RA172M:NA173H,3.79
1875,-0.51388866,RA172I:NA173H,3.79
1876,-0.6322949,RA185I:DA186E,3.79
1877,-0.6111748,RA185C:DA186E,3.79
1878,-0.57398725,RA185L:DA186E,3.79
1879,-0.56280756,RA185Y:DA186E,3.79
1880,-0.523622,RA185Q:DA186E,3.79
1881,-0.504723,RA185V:DA186E,3.79
1882,-1.2447326,DA186C:RA187L,3.8
1883,-1.1410941,DA186I:RA187L,3.8
1884,-1.1401379,DA186E:RA187L,3.8
1885,-1.0574415,DA186L:RA187L,3.8
1886,-1.0506306,DA186C:RA187A,3.8
1887,-1.0348365,DA186M:RA187L,3.8
1888,-1.0256319,DA186C:RA187I,3.8
1889,-0.9924909,DA186V:RA187L,3.8
1890,-0.981196,DA186C:RA187M,3.8
1891,-0.932556,DA186H:RA187L,3.8
1892,-0.9166292,DA186E:RA187A,3.8
1893,-0.91537714,DA186I:RA187A,3.8
1894,-0.8978717,DA186I:RA187I,3.8
1895,-0.8941034,DA186W:RA187L,3.8
1896,-0.8766234,DA186E:RA187I,3.8
1897,-0.85255384,DA186C:RA187V,3.8
1898,-0.8516049,DA186I:RA187M,3.8
1899,-0.8335706,DA186Y:RA187L,3.8
1900,-0.83135754,DA186E:RA187M,3.8
1901,-0.8246153,DA186Q:RA187L,3.8
1902,-0.8211287,DA186L:RA187A,3.8
1903,-0.7946787,DA186M:RA187A,3.8
1904,-0.7932909,DA186L:RA187I,3.8
1905,-0.7915,DA186F:RA187L,3.8
1906,-0.7609515,DA186A:RA187L,3.8
1907,-0.75860584,DA186M:RA187I,3.8
1908,-0.7471467,DA186V:RA187A,3.8
1909,-0.7388408,DA186L:RA187M,3.8
1910,-0.73309153,DA186V:RA187I,3.8
1911,-0.71293193,DA186I:RA187V,3.8
1912,-0.6954256,DA186M:RA187M,3.8
1913,-0.6925592,DA186C:RA187C,3.8
1914,-0.68425274,DA186H:RA187A,3.8
1915,-0.6819643,DA186E:RA187V,3.8
1916,-0.6785237,DA186W:RA187A,3.8
1917,-0.67498267,DA186V:RA187M,3.8
1918,-0.63518524,DA186W:RA187I,3.8
1919,-0.62709403,DA186H:RA187I,3.8
1920,-0.59995997,DA186T:RA187L,3.8
1921,-0.58706796,DA186L:RA187V,3.8
1922,-0.5807069,DA186Y:RA187A,3.8
1923,-0.57278657,DA186W:RA187M,3.8
1924,-0.5710982,DA186Q:RA187A,3.8
1925,-0.5686931,DA186H:RA187M,3.8
1926,-0.54831886,DA186F:RA187A,3.8
1927,-0.5455189,DA186N:RA187L,3.8
1928,-0.5330086,DA186M:RA187V,3.8
1929,-0.5271263,DA186Y:RA187I,3.8
1930,-0.5264536,DA186V:RA187V,3.8
1931,-0.5145456,DA186C:RA187F,3.8
1932,-0.5134418,DA186Q:RA187I,3.8
1933,-0.5090431,DA186A:RA187A,3.8
1934,-0.5011438,DA186F:RA187I,3.8
1935,-0.72544086,RA187L:RA188K,3.8
1936,-0.6432865,RA187L:RA188L,3.8
1937,-0.59892726,RA187L:RA188A,3.8
1938,-0.57142967,RA187L:RA188C,3.8
1939,-0.53727615,RA187L:RA188W,3.8
1940,-0.51151156,RA187L:RA188I,3.8
1941,-0.5099459,RA187L:RA188H,3.8
1942,-0.506035,RA187L:RA188Y,3.8
1943,-0.6447433,EA191L:EA192C,3.83
1944,-0.7315438,EA192C:NA193C,3.8
1945,-0.68498486,EA192M:NA193C,3.8
1946,-0.63249695,EA192R:NA193C,3.8
1947,-0.6187304,EA192L:NA193C,3.8
1948,-0.5979372,EA192A:NA193C,3.8
1949,-0.5168425,EA192K:NA193C,3.8
